IDE;aitem1;aitem2;aitem3;aitem4;aitem5;aitem6;aitem7;aitem8;aitem9;aitem10;aitem11;aitem12;aitem13;aitem14;aitem15;aitem16;aitem17;aitem18;aitem19;aitem20;aitem21;aitem22;aitem23;aitem24;aitem25;aitem26;aitem27;aitem28;aitem29;aitem30;aitem31;aitem32;aitem33;aitem34;aitem35;aitem36;aitem37
R001;4;4;2;4;2;3;3;4;3;3;3;4;4;2;3;3;2;3;2;4;2;4;2;4;3;3;3;3;5;2;4;4;5;3;3;5;4
R002;2;2;2;4;2;2;3;4;4;3;2;3;2;3;4;4;2;4;3;1;4;1;2;1;3;4;1;2;3;1;3;3;2;3;3;1;3
R003;2;2;2;4;2;2;2;4;2;2;2;4;4;2;4;4;2;4;4;2;2;1;4;2;2;5;2;2;2;2;2;2;4;4;4;2;2
R004;1;1;1;1;1;1;5;1;1;1;1;1;1;1;1;1;1;1;1;1;1;1;1;1;5;1;1;1;1;1;1;1;1;1;1;1;1
R005;3;5;5;1;1;3;2;5;2;1;1;2;3;2;1;3;3;2;3;2;1;3;3;1;2;1;3;3;1;1;2;3;1;1;1;1;1
R006;1;1;4;1;1;1;1;5;1;1;1;3;1;2;1;1;1;1;1;1;1;1;2;1;4;1;3;2;1;1;2;3;1;2;1;1;1
R007;1;1;1;1;5;1;1;4;1;1;1;5;1;1;1;3;1;2;1;1;1;1;3;1;1;3;1;1;1;1;5;5;1;1;1;1;1
R008;1;1;1;1;1;1;1;1;1;1;1;1;1;1;1;1;1;1;1;1;2;1;1;1;1;1;1;1;1;1;1;1;1;1;1;1;1
R009;2;2;4;2;2;2;2;4;2;2;2;3;2;2;2;2;2;2;2;2;1;3;1;2;2;2;2;2;1;2;2;2;1;1;1;2;2
R010;4;2;1;1;2;1;1;5;2;1;4;4;5;2;1;1;2;1;5;5;2;1;4;1;2;1;2;5;5;4;4;5;4;4;1;5;5
R011;1;1;1;1;4;1;1;5;1;2;1;2;2;1;1;1;5;3;1;2;4;1;2;1;5;1;3;2;1;1;2;1;1;1;1;1;2
R012;1;5;2;1;1;2;1;1;1;2;1;2;3;1;1;3;1;2;2;1;3;3;3;2;2;1;1;1;1;1;1;2;1;1;1;1;1
R013;1;4;1;1;1;1;1;1;3;1;1;2;5;1;2;5;1;2;3;1;1;2;2;1;1;2;1;2;1;1;3;4;2;1;1;2;2
R014;1;1;5;1;5;1;1;5;1;1;5;1;1;5;1;1;5;1;1;1;5;1;1;1;5;1;1;1;1;1;1;1;1;1;1;1;1
R015;1;3;3;1;1;1;4;1;1;1;1;2;4;2;1;1;5;1;1;2;4;4;2;1;4;1;3;1;2;1;1;1;3;2;2;2;1
R016;1;2;2;1;4;1;1;1;2;1;1;2;4;2;1;2;2;2;1;2;2;2;2;2;5;1;1;2;1;1;3;2;1;1;1;1;2
R017;1;1;1;1;5;1;1;1;1;1;1;1;1;1;1;1;1;1;1;1;1;1;1;1;1;1;1;1;1;1;1;1;1;1;1;1;1
R018;1;2;1;1;1;2;1;1;2;1;1;2;1;1;1;1;1;3;1;2;1;1;3;1;1;1;2;2;1;2;2;1;1;1;1;1;1
R019;3;3;3;1;1;3;5;1;5;5;1;1;5;1;4;1;3;3;3;5;2;5;1;4;1;3;1;4;1;1;1;3;1;1;3;1;5
R020;3;2;2;2;2;4;2;2;3;3;2;4;4;1;3;2;3;4;2;2;2;3;3;2;2;3;3;2;2;3;3;4;2;3;3;2;2
R021;2;4;2;1;1;1;1;1;2;1;1;1;3;4;2;2;1;1;2;2;1;2;4;1;1;1;1;2;1;1;3;2;2;1;1;1;2
R022;1;5;1;1;1;1;1;1;3;1;1;3;5;1;3;3;5;1;1;1;1;3;1;1;1;1;1;3;1;1;3;3;1;1;1;3;5
R023;1;1;1;1;1;1;1;1;1;1;1;1;1;2;1;1;1;1;1;1;1;1;1;1;1;1;1;3;1;1;1;5;1;1;1;1;1
R024;1;5;1;1;1;1;2;1;1;1;1;1;2;1;2;2;1;1;2;1;1;1;3;1;1;1;3;3;1;1;1;1;1;1;1;1;1
R025;2;1;2;2;2;1;1;1;1;2;1;1;4;2;1;2;1;2;2;1;2;1;1;1;2;1;1;2;2;1;2;3;1;1;1;2;3
R026;1;2;2;1;1;1;1;1;2;1;1;2;2;1;1;2;1;1;1;1;1;2;1;1;1;1;2;2;1;1;1;2;1;1;1;1;1
R027;1;1;1;1;1;1;1;1;1;1;1;1;5;1;1;1;1;1;1;1;1;1;1;1;1;1;1;1;1;1;1;1;1;1;1;1;1
R028;1;1;1;1;1;1;1;1;1;1;1;1;1;1;1;1;1;1;1;1;1;1;3;1;5;1;1;1;1;1;1;1;1;1;1;1;1
R029;1;2;3;2;1;1;2;1;2;1;2;2;2;1;1;2;1;1;2;1;1;2;3;4;3;2;2;3;1;1;3;2;2;3;3;1;3
R030;1;1;1;1;1;1;1;1;5;1;1;1;1;1;1;5;1;1;1;1;5;1;1;1;1;1;1;1;1;1;5;5;1;1;1;1;1
R031;1;1;5;1;1;2;1;1;1;1;1;1;1;1;1;1;1;1;1;1;1;1;3;1;5;2;3;1;1;3;3;3;1;1;3;1;1
R032;4;4;2;4;1;3;1;1;3;1;1;4;5;2;1;4;3;5;2;4;1;4;4;4;3;1;4;1;1;4;3;3;1;1;1;1;3
R033;2;1;2;1;1;2;4;2;3;2;2;1;3;2;1;2;2;3;1;1;2;2;2;1;2;1;2;2;2;2;3;3;4;4;2;4;4
R034;1;1;1;1;1;1;1;1;1;1;1;1;1;1;1;1;1;1;1;1;1;1;1;1;1;1;1;3;1;1;2;1;1;1;1;5;2
R035;4;3;2;3;2;3;4;2;3;1;3;4;3;3;4;3;2;4;3;4;2;3;4;4;2;4;4;4;4;4;4;4;3;3;3;4;3
R036;1;1;1;1;5;1;1;1;1;1;1;1;1;1;1;1;1;1;1;1;1;1;1;1;1;1;1;1;1;1;5;1;1;1;1;1;1
R037;2;3;2;2;1;3;1;1;2;3;1;2;4;1;2;4;1;3;3;1;2;3;3;3;5;2;3;2;2;3;3;3;1;3;1;2;3
R038;1;4;5;2;1;1;1;1;1;1;1;3;2;1;1;1;1;1;1;1;1;1;1;1;1;1;1;1;1;1;1;2;1;1;1;1;1
R039;3;5;3;2;2;2;3;1;3;3;3;3;3;3;3;5;1;3;1;3;3;3;3;3;3;1;1;3;1;2;5;4;1;3;1;1;3
R040;1;3;1;1;1;1;1;1;1;1;1;3;3;1;1;1;1;1;1;1;1;3;3;1;1;1;3;3;1;1;3;2;1;1;1;3;1
R041;3;2;4;2;4;2;2;1;4;1;3;1;2;1;2;2;5;2;4;2;5;2;3;2;5;1;3;2;1;4;4;5;2;2;2;3;2
R042;3;1;1;2;3;2;4;3;4;1;4;3;5;2;2;2;2;2;3;1;4;5;2;2;4;2;1;1;4;5;1;2;1;2;5;5;5
R043;3;2;2;5;2;3;5;4;3;2;3;1;5;4;1;1;4;4;1;4;4;2;1;1;5;2;2;1;5;2;2;4;3;2;5;2;1
R044;2;3;1;5;5;5;2;2;4;3;3;4;5;4;5;1;2;3;3;2;4;3;4;3;1;3;5;3;5;4;3;1;5;3;4;3;3
R045;3;3;5;4;3;4;4;4;2;1;1;1;5;4;1;4;1;2;4;5;1;2;2;3;3;5;3;4;2;2;5;1;1;2;5;1;4
R046;4;1;4;4;4;2;5;2;4;3;3;1;2;2;3;3;4;4;3;4;2;5;4;3;3;5;1;2;3;2;4;3;3;2;1;4;5
R047;1;2;3;2;2;3;2;1;1;2;4;2;3;5;1;2;2;2;2;5;4;5;5;5;3;2;4;2;5;3;5;1;5;2;2;4;2
R048;5;5;3;4;3;5;2;1;5;1;2;2;1;4;1;2;2;2;3;2;1;4;5;4;3;1;1;2;2;5;4;1;2;4;4;3;3
R049;1;5;2;1;4;2;3;2;4;4;2;3;5;2;5;2;3;3;2;4;5;1;4;1;5;1;5;3;5;2;1;4;1;3;2;4;4
R050;4;4;3;2;5;5;4;1;2;3;2;4;4;4;5;3;1;1;2;4;1;2;5;1;4;3;4;3;4;1;1;1;1;1;1;5;2
R051;4;4;3;3;3;1;2;5;2;5;3;2;1;5;1;3;1;4;1;5;2;1;1;1;4;2;2;1;1;4;3;3;2;1;5;3;2
R052;5;1;2;1;2;1;3;3;5;4;3;3;2;2;4;5;1;3;4;3;1;5;4;5;5;1;4;2;4;4;2;1;5;4;4;1;4
R053;5;4;1;3;5;4;1;2;3;3;2;1;3;4;1;1;1;4;5;5;4;1;3;3;4;4;5;1;5;5;5;4;5;5;5;1;4
R054;5;2;4;4;3;1;5;3;2;1;4;3;1;3;2;3;5;3;4;5;5;3;3;3;1;5;3;4;3;1;2;1;2;4;5;3;1
R055;5;4;4;2;2;4;2;4;1;5;5;1;5;5;3;2;5;5;5;1;3;2;4;2;1;3;2;2;1;5;5;4;4;1;5;1;5
R056;4;2;2;3;3;5;3;3;5;3;1;4;2;3;2;4;3;2;1;1;4;1;2;2;1;1;4;1;3;1;3;2;3;3;5;5;1
R057;4;1;3;1;3;4;4;2;2;3;2;2;3;4;3;2;5;3;2;5;3;1;2;1;4;2;3;4;5;2;5;4;4;1;5;5;2
R058;4;2;2;2;4;1;2;2;1;1;5;2;4;2;5;2;4;3;1;5;2;5;1;1;3;3;4;4;5;1;1;3;2;2;4;2;2
R059;4;5;1;5;3;2;5;4;3;1;4;1;4;4;3;3;1;3;1;2;2;2;2;4;5;3;1;4;5;5;3;2;4;4;4;3;2
R060;1;1;5;1;4;2;5;3;5;1;1;3;3;3;3;5;4;3;2;1;2;1;1;4;5;2;1;1;1;1;3;4;5;1;5;2;3
R061;3;1;3;1;1;3;2;5;3;1;4;3;3;4;1;4;5;3;4;1;5;2;3;3;1;5;3;2;2;2;3;5;1;3;1;5;2
R062;4;1;3;4;1;5;3;2;3;4;5;4;1;1;4;2;1;4;5;2;4;5;1;5;1;2;5;1;1;3;4;3;5;3;2;4;2
R063;5;2;2;2;4;1;4;3;3;5;5;5;3;3;3;4;1;4;2;3;5;4;3;4;4;1;5;3;1;3;1;2;3;5;4;3;1
R064;1;3;1;2;5;2;5;1;1;4;5;3;3;3;2;3;3;3;4;5;3;4;4;3;2;4;5;3;1;1;4;2;1;4;2;3;3
R065;3;1;2;1;3;5;2;3;1;1;5;3;5;3;2;3;5;3;4;2;3;3;5;5;5;1;5;1;2;2;2;5;3;4;5;2;2
R066;3;5;4;4;3;5;5;3;3;1;1;2;1;5;2;4;2;2;1;3;1;4;4;1;3;3;2;5;1;4;3;1;1;4;5;3;3
R067;2;2;2;3;1;4;2;5;3;1;2;2;2;3;1;5;2;1;4;2;1;2;4;5;4;4;3;3;2;5;1;2;2;4;5;5;3
R068;4;2;1;2;3;5;3;1;4;3;5;3;2;1;1;2;5;4;5;4;1;5;5;4;1;1;2;2;1;4;2;1;4;5;2;1;2
R069;2;5;3;3;2;3;3;2;1;1;3;5;5;2;5;4;3;5;2;5;2;2;1;5;5;3;3;3;4;4;5;2;5;1;2;3;5
R070;1;5;3;2;1;3;5;4;5;1;3;1;3;5;3;3;3;3;2;2;1;2;3;3;2;3;4;4;4;1;2;2;4;4;4;5;1
R071;1;3;3;3;1;1;2;4;5;2;1;2;5;5;1;4;2;2;1;2;4;3;2;4;4;2;2;2;4;5;5;2;4;2;4;1;4
R072;3;3;4;3;5;4;5;5;2;5;2;2;1;5;4;2;4;2;5;1;2;1;5;3;3;1;5;2;3;1;4;1;1;1;4;3;2
R073;4;5;2;1;2;2;4;5;2;1;1;5;5;5;2;2;5;3;2;5;2;3;1;3;1;2;2;4;4;5;3;1;3;3;5;2;2
R074;4;4;2;4;2;3;4;1;1;3;5;2;1;4;1;5;5;2;3;5;5;5;2;2;2;3;1;3;5;2;5;4;3;2;5;3;4
R075;1;5;1;4;2;4;5;1;1;1;2;1;1;3;4;2;1;2;5;2;3;5;2;5;2;3;4;5;5;1;2;1;2;5;3;3;1
R076;3;5;3;5;3;3;4;1;5;5;3;1;1;4;3;4;2;5;4;5;5;1;3;3;4;2;1;4;1;2;2;3;4;4;2;5;5
R077;5;5;2;1;5;4;1;4;1;4;2;3;1;5;5;3;3;3;2;4;1;3;3;5;4;3;1;5;5;4;1;4;1;5;3;1;5
R078;1;4;4;3;3;2;5;3;2;5;1;5;3;5;2;1;2;2;1;1;3;2;1;1;2;5;3;4;3;5;1;1;2;4;3;3;5
R079;5;5;3;1;4;2;4;1;1;2;3;2;1;3;1;1;4;3;1;5;5;2;4;5;1;2;3;2;3;1;4;1;4;3;3;1;2
R080;3;3;1;5;3;1;1;5;1;2;3;2;4;1;5;4;2;2;1;5;5;3;4;5;4;1;1;5;3;2;4;4;2;1;1;1;5
R081;4;1;5;1;5;2;5;4;4;2;4;3;2;2;1;3;1;4;4;1;3;3;1;2;4;1;2;2;1;4;4;2;4;4;3;4;4
R082;2;2;5;2;4;3;3;3;5;5;1;2;3;1;3;2;5;3;2;2;2;1;4;4;2;3;1;5;2;4;5;2;5;3;4;4;2
R083;2;1;5;1;3;3;4;3;5;4;1;2;3;1;2;2;4;3;1;4;5;2;2;3;2;2;5;4;5;5;5;4;1;1;2;5;1
R084;4;1;4;1;3;1;1;5;4;5;2;2;3;2;2;5;2;3;1;3;3;5;4;5;3;2;5;1;3;3;1;1;4;1;5;2;3
R085;4;2;2;4;1;1;4;5;4;3;4;3;1;3;2;5;3;3;2;3;4;3;2;4;4;1;2;2;5;2;3;3;1;1;1;2;4
R086;4;5;2;3;4;4;1;5;1;5;2;2;3;3;5;4;5;2;2;1;2;1;3;1;2;2;3;3;4;3;2;1;2;2;5;1;3
R087;5;1;5;2;3;3;5;5;5;3;2;1;1;5;1;2;5;5;1;1;1;5;4;1;3;4;2;5;4;5;1;4;1;5;2;4;4
R088;3;1;3;4;1;1;4;5;3;1;5;1;5;4;5;4;3;5;4;3;1;1;3;5;1;5;5;1;2;2;5;4;5;2;3;3;5
R089;5;4;3;1;3;5;1;1;3;3;3;4;4;1;4;3;1;4;1;2;2;4;3;5;4;4;3;4;4;2;1;5;5;5;4;4;2
R090;4;1;1;5;5;5;4;1;1;3;5;2;5;5;2;1;1;5;1;4;5;1;1;1;4;1;3;3;3;4;2;4;5;5;1;3;2
R091;1;2;1;2;3;1;2;2;3;1;2;4;2;4;4;4;5;1;5;2;5;5;1;5;5;1;4;2;1;3;2;2;2;1;3;4;2
R092;3;3;2;3;2;1;3;1;4;1;3;1;2;1;2;4;1;4;4;4;1;1;2;4;2;2;5;3;3;3;3;2;5;2;5;1;4
R093;4;3;5;3;2;5;1;4;2;2;5;1;3;1;3;2;1;5;1;2;1;5;2;1;2;1;5;1;1;1;4;1;2;4;4;4;3
R094;4;4;3;1;4;2;4;1;2;5;1;3;2;1;5;2;1;4;5;3;5;1;4;2;4;5;3;1;2;1;4;5;3;1;4;1;4
R095;1;2;2;4;4;4;1;1;5;2;2;2;4;5;3;5;4;2;1;1;2;4;1;4;5;1;5;2;5;5;4;3;5;2;3;1;4
R096;4;4;4;2;3;1;4;5;2;2;4;5;5;4;4;5;3;1;1;2;4;1;4;2;5;1;4;1;3;5;5;5;3;2;5;5;5
R097;2;5;3;2;4;5;5;3;3;4;2;3;1;2;2;5;3;2;3;2;3;1;1;3;1;4;4;2;1;1;3;1;2;1;3;1;5
R098;2;5;2;4;1;3;4;5;3;3;1;5;1;2;2;3;2;5;4;2;5;2;2;1;1;4;4;5;3;1;3;5;5;4;5;4;5
R099;2;5;5;5;1;4;3;1;4;3;4;1;3;2;3;3;4;1;3;1;4;2;5;1;1;1;1;1;4;5;5;4;5;1;1;2;3
R100;3;1;1;3;3;5;5;1;2;3;5;5;4;1;3;3;4;3;2;3;3;3;2;5;2;5;1;2;3;1;3;2;2;4;5;5;5
R101;4;3;1;3;5;1;4;3;3;5;5;1;4;5;1;2;3;2;1;2;2;2;4;2;3;3;2;4;1;1;4;4;2;1;2;3;2
R102;3;4;5;1;5;1;3;2;2;5;4;2;5;1;1;2;2;2;1;3;5;2;2;4;1;3;5;1;2;4;4;2;3;3;3;2;3
R103;3;5;3;2;1;1;2;2;2;3;4;4;5;1;3;3;2;2;5;1;5;5;5;3;3;2;1;1;5;2;2;1;2;5;5;4;2
R104;2;1;1;5;3;2;3;1;5;5;3;3;2;3;3;3;1;2;1;4;1;1;4;1;2;3;1;1;5;5;5;3;4;4;5;4;1
R105;4;1;5;1;5;5;1;5;2;1;1;4;3;2;2;1;1;3;3;1;1;5;5;1;4;3;3;4;3;2;1;3;3;1;1;2;1
R106;2;2;4;1;5;1;4;2;2;4;3;1;5;2;2;5;5;2;1;5;4;3;1;1;1;5;2;5;4;3;1;4;5;2;5;5;4
R107;2;5;5;3;5;4;2;2;4;1;3;5;4;3;5;4;2;3;3;4;1;3;3;5;4;4;1;3;3;2;2;1;3;2;3;5;3
R108;3;5;5;3;4;2;2;1;4;1;3;2;1;4;5;5;5;5;2;3;3;1;4;5;5;1;4;4;4;1;1;4;3;5;2;4;4
R109;3;3;3;5;4;2;4;3;5;3;5;4;5;4;2;1;1;3;3;3;1;3;5;5;4;2;3;5;2;3;1;2;5;2;1;3;2
R110;1;1;3;5;5;2;2;1;4;5;5;1;5;2;5;5;1;2;3;3;5;1;3;2;1;3;4;4;4;3;5;1;3;2;3;2;3
R111;5;1;3;4;2;5;4;5;5;5;1;1;2;5;4;2;2;1;3;4;4;1;3;4;5;4;5;1;3;2;3;1;3;1;5;5;4
R112;1;1;1;1;4;1;1;2;5;1;3;3;5;1;3;2;3;4;2;4;4;1;2;1;4;2;2;3;4;5;3;5;2;2;2;4;3
R113;1;4;3;5;4;2;4;1;3;3;4;5;1;1;4;2;1;3;4;4;5;4;3;2;1;5;3;5;1;3;2;5;5;1;2;5;1
R114;4;5;5;5;5;3;2;3;3;4;4;1;4;5;4;1;5;2;4;4;1;5;3;3;4;5;1;3;4;4;3;4;1;2;5;5;4
R115;4;4;3;4;4;2;5;5;1;1;4;5;3;4;1;1;5;4;3;4;2;2;4;5;3;1;1;2;2;2;5;2;3;1;5;2;1
R116;5;5;4;2;4;3;2;1;3;5;2;4;3;2;2;1;3;3;1;1;1;2;5;5;5;5;3;5;5;4;5;5;4;4;1;3;4
R117;2;5;4;5;1;4;1;2;1;3;1;2;5;5;3;1;2;1;5;2;3;4;2;2;5;4;4;4;2;4;2;2;2;5;5;3;5
R118;3;1;1;5;3;3;2;1;3;2;4;4;3;2;5;4;3;1;2;4;4;2;2;1;3;4;4;1;1;3;3;3;3;4;3;5;3
R119;5;1;1;4;3;5;2;2;2;1;2;1;3;5;4;2;2;2;2;2;4;1;2;4;2;5;3;2;2;2;1;5;4;2;1;4;2
R120;5;5;5;3;1;2;4;3;3;5;2;1;2;3;2;1;4;4;1;3;3;4;1;1;1;5;3;4;5;3;1;1;4;4;3;3;1
R121;3;2;2;2;4;2;2;4;1;2;1;2;1;1;4;2;4;1;1;1;5;1;1;1;1;4;2;2;5;5;3;2;2;3;3;1;5
R122;1;5;4;1;2;4;4;4;3;3;4;3;1;5;3;4;1;2;4;3;1;2;5;3;5;5;3;1;5;3;2;5;3;4;2;1;4
R123;1;4;2;5;3;5;3;1;4;3;3;2;4;4;3;5;4;2;5;4;5;2;2;5;3;5;4;4;2;3;2;2;5;2;5;2;3
R124;5;3;4;1;5;1;2;3;3;2;2;4;4;4;1;2;3;3;5;3;3;1;2;5;3;2;5;2;1;5;2;5;5;4;3;4;3
R125;4;1;2;1;4;1;4;4;3;4;3;1;2;2;1;2;1;1;2;4;1;5;5;2;1;2;4;5;4;1;4;1;1;1;3;1;1
R126;5;3;4;4;4;4;3;1;3;5;1;1;5;4;5;3;2;3;4;1;2;5;5;2;3;3;4;2;5;4;1;2;4;4;2;4;5
R127;4;2;1;2;4;3;4;4;2;5;2;3;4;2;5;5;3;4;1;2;3;2;1;4;4;5;3;1;5;4;4;3;3;1;1;1;3
R128;4;2;1;1;4;2;5;2;4;3;2;2;4;1;5;2;5;1;3;2;3;1;2;2;2;2;2;1;2;4;3;2;3;4;1;3;3
R129;2;3;1;1;5;2;1;3;4;4;3;5;1;3;2;4;2;5;2;1;5;1;3;1;4;2;5;4;4;3;3;5;1;5;1;1;2
R130;5;4;2;4;3;3;5;4;1;4;2;2;2;1;2;5;3;1;1;1;2;4;1;1;1;3;4;4;3;4;5;4;3;2;3;4;3
R131;1;3;1;5;2;4;4;3;2;3;3;1;5;4;2;4;1;1;5;3;5;1;4;1;3;5;3;4;2;2;2;1;5;1;4;1;3
R132;2;3;1;2;1;1;5;1;2;5;3;4;3;3;2;2;2;2;1;1;3;4;3;2;3;1;4;1;2;4;5;5;4;2;3;4;2
R133;2;2;3;3;1;1;4;4;1;4;4;2;4;2;3;1;1;3;1;4;5;1;3;1;2;2;2;1;4;3;5;4;5;1;3;3;5
R134;4;2;2;4;1;5;3;4;3;1;1;3;4;1;4;2;5;4;1;2;1;4;3;2;5;1;2;3;1;2;4;5;2;4;1;3;3
R135;5;4;4;3;4;3;4;2;5;1;3;4;4;2;5;1;4;3;5;4;4;3;1;4;3;4;5;1;1;3;2;3;1;1;4;2;1
R136;5;2;2;3;2;2;5;4;4;1;3;5;3;2;4;5;5;2;3;5;4;2;3;5;4;1;5;4;1;1;3;2;1;1;2;1;2
R137;5;3;1;5;2;5;5;4;1;5;2;3;3;4;5;2;5;1;5;2;4;4;2;4;2;5;4;5;1;1;1;1;2;1;5;2;5
R138;3;2;3;3;2;2;2;3;4;3;2;2;5;2;5;4;5;5;2;1;2;4;4;1;1;3;3;2;2;2;4;2;2;2;2;3;3
R139;4;3;1;4;5;4;1;1;3;4;3;3;5;3;2;3;5;3;2;2;3;4;5;4;4;3;3;5;5;4;1;3;4;2;3;4;2
R140;5;5;3;3;3;3;4;3;4;4;1;4;5;1;3;3;2;2;5;1;3;2;4;4;2;1;1;2;2;2;1;2;5;2;5;2;4
R141;5;4;2;4;4;1;2;5;2;3;1;1;3;5;3;1;2;3;4;3;2;3;5;4;3;4;1;5;2;1;4;5;5;2;5;1;1
R142;5;4;3;1;2;3;4;2;3;4;3;1;4;3;4;2;4;5;4;2;2;1;1;4;5;1;2;3;1;3;5;1;1;5;2;2;1
R143;2;4;4;2;1;5;3;4;2;5;4;3;4;5;3;4;2;4;2;5;5;4;4;4;4;2;5;1;4;3;2;2;2;3;1;5;1
R144;5;1;4;2;4;4;5;2;1;5;2;1;5;2;1;4;1;2;1;3;3;1;5;3;5;3;5;3;5;2;2;1;5;4;1;3;4
R145;1;5;4;2;3;4;2;5;2;4;4;2;4;1;5;3;3;1;4;5;2;1;3;3;1;2;1;1;2;3;5;1;2;5;2;1;3
R146;2;5;4;5;2;5;1;1;5;4;3;2;5;4;5;1;1;4;2;2;3;4;2;1;3;5;2;4;1;3;2;4;1;1;2;3;5
R147;4;1;1;5;1;2;1;3;3;4;3;5;4;1;3;1;5;3;4;1;3;5;1;2;3;5;1;2;1;4;1;3;1;3;2;1;3
R148;1;4;5;3;1;4;1;5;5;5;1;2;2;3;1;4;1;5;5;3;4;1;2;1;4;3;2;2;5;2;3;3;1;3;2;4;5
R149;1;5;3;4;1;3;5;3;5;2;2;5;2;4;3;4;5;5;2;5;4;1;4;3;4;5;4;1;3;4;5;4;4;2;3;1;1
R150;1;2;5;4;1;1;1;4;1;3;1;5;5;1;2;4;5;4;3;2;5;4;5;2;2;4;2;5;4;5;3;3;4;4;5;5;1
R151;4;1;3;2;5;5;2;5;5;5;3;2;5;2;4;1;2;1;2;2;5;2;1;3;3;5;1;2;3;3;3;3;3;5;5;4;5
R152;4;5;4;5;3;3;5;4;5;5;3;3;5;5;2;2;4;1;5;3;2;3;1;1;4;5;1;1;2;4;3;4;2;2;5;5;3
R153;5;1;5;4;2;1;5;3;4;1;4;1;5;2;3;3;4;2;3;1;2;2;4;4;3;4;3;4;3;5;5;4;5;4;2;5;2
R154;1;1;4;1;4;4;3;3;1;2;3;3;1;3;2;2;4;4;4;3;4;5;4;1;5;1;2;3;5;2;1;1;4;4;2;3;1
R155;5;5;1;2;3;5;5;5;1;5;4;4;5;3;1;4;3;3;1;4;3;4;5;2;5;1;1;1;2;3;3;3;2;4;2;3;5
R156;1;4;2;4;5;1;4;1;2;3;1;1;4;1;1;5;4;2;5;1;4;3;4;3;3;4;1;5;5;1;2;4;3;2;1;5;3
R157;2;3;4;4;5;1;2;3;2;5;3;1;5;4;2;4;1;1;5;4;3;5;4;2;3;4;2;2;1;1;5;4;5;3;2;1;4
R158;4;2;2;1;2;2;3;5;3;5;4;5;5;2;2;3;5;2;1;2;2;5;4;1;5;2;1;1;2;4;3;5;3;1;5;1;3
R159;2;5;4;3;3;5;4;2;1;1;1;1;4;1;3;5;3;1;5;5;2;2;4;5;4;2;3;3;1;2;2;2;4;4;5;1;1
R160;4;5;2;3;1;1;2;3;5;4;5;1;3;2;1;3;1;5;3;1;1;1;1;2;4;3;5;4;5;5;4;1;5;5;3;3;5
R161;2;4;3;5;2;3;5;4;5;4;1;1;2;2;3;1;3;2;5;3;3;4;1;1;1;5;1;3;4;5;1;1;5;2;4;4;3
R162;4;4;2;5;1;1;2;3;4;4;4;3;2;5;3;3;3;5;1;2;4;5;3;3;5;3;5;1;4;1;3;4;4;2;2;2;5
R163;4;5;5;2;1;1;2;3;5;5;4;5;4;3;4;1;5;2;1;4;2;4;1;1;2;1;3;3;1;5;4;2;2;4;3;2;2
R164;5;3;5;3;4;4;5;1;5;1;5;4;4;1;5;3;3;5;1;4;4;1;3;4;3;2;5;1;2;3;2;3;5;2;2;5;4
R165;2;1;3;4;2;4;3;5;1;4;4;3;1;3;2;3;2;4;3;3;4;5;1;2;1;2;2;5;3;2;5;5;4;5;5;2;2
R166;2;2;1;4;3;4;2;2;4;5;4;4;1;5;1;2;4;3;5;4;2;5;2;3;4;3;3;5;4;2;1;4;1;3;3;1;4
R167;5;4;5;4;1;5;5;2;2;4;4;2;3;3;5;5;4;4;5;1;3;4;4;3;4;4;2;1;3;5;1;1;4;3;1;5;1
R168;1;5;2;3;4;4;5;4;2;2;5;3;3;1;4;5;3;4;5;4;5;2;4;1;3;2;4;5;3;4;1;1;3;3;4;2;5
R169;3;5;1;5;1;4;2;5;5;3;4;3;3;4;2;5;2;5;2;1;4;3;5;4;1;2;1;5;5;3;1;1;2;4;3;4;1
R170;3;4;4;5;3;2;2;2;3;5;5;4;4;2;4;3;5;4;3;1;4;1;5;2;2;3;4;1;1;1;5;4;3;5;5;5;4
R171;4;1;3;5;1;4;4;2;4;5;5;1;4;2;1;4;5;2;3;1;3;4;3;2;1;1;5;2;3;4;4;3;1;5;5;2;1
R172;4;1;5;3;5;1;4;3;5;1;4;1;2;5;3;4;4;5;1;1;4;3;5;3;4;5;1;2;5;1;4;1;1;3;4;4;5
R173;3;2;2;4;1;1;1;3;4;3;4;3;4;5;5;2;1;4;5;4;4;1;5;1;2;1;1;3;4;2;2;2;2;4;5;1;4
R174;4;5;3;3;5;4;2;3;5;1;2;4;2;3;5;1;4;4;3;5;4;5;5;4;3;1;2;5;4;3;4;3;5;3;4;2;5
R175;4;5;3;2;4;4;2;5;2;5;3;4;2;4;5;1;1;2;1;5;5;4;2;2;1;4;1;1;1;2;5;3;5;1;3;3;3
R176;3;1;2;2;1;4;5;4;3;3;1;5;3;5;2;3;1;2;2;3;5;5;5;3;1;2;2;1;4;3;2;1;5;5;5;5;1
R177;3;3;5;5;2;2;1;5;4;3;5;1;2;4;1;2;4;1;5;4;3;2;2;5;1;1;3;5;3;2;4;1;4;2;5;4;4
R178;5;4;1;5;5;3;1;2;2;2;3;5;3;3;3;4;2;3;2;2;4;5;4;1;5;4;4;4;1;1;5;1;1;4;5;1;4
R179;5;3;1;1;4;1;4;4;3;5;2;5;3;2;4;1;2;1;1;2;1;2;5;5;2;2;4;5;2;5;2;3;3;2;2;4;3
R180;4;2;4;5;4;2;3;5;1;2;2;3;5;4;1;3;4;2;4;2;5;1;2;1;2;1;4;5;1;2;3;4;2;1;2;2;2
R181;4;5;4;5;3;5;1;1;3;4;1;2;1;2;4;2;3;5;5;4;3;4;4;1;1;2;2;2;4;5;4;4;1;1;3;2;1
R182;4;3;1;5;2;3;2;5;2;1;3;1;1;4;5;5;4;1;2;5;1;3;2;1;3;3;2;4;3;3;2;1;3;4;2;4;2
R183;3;3;3;4;4;3;5;5;3;5;2;5;4;2;5;4;1;5;3;4;4;2;4;5;3;5;4;5;4;2;5;5;2;2;2;3;4
R184;5;1;3;3;2;5;3;4;5;5;2;1;4;2;1;2;5;1;1;5;4;3;5;1;1;3;5;3;5;2;4;4;1;5;1;5;2
R185;2;3;3;2;2;4;3;1;1;2;3;4;1;4;4;5;4;1;2;1;2;5;4;3;2;3;1;4;5;1;3;3;2;4;3;2;4
R186;5;4;5;2;5;5;4;1;3;1;1;3;4;2;5;1;5;4;3;5;3;3;5;2;2;4;1;4;1;2;1;3;5;1;4;5;2
R187;4;1;1;2;3;3;1;5;1;5;4;2;3;2;4;4;3;5;2;3;1;1;5;4;5;1;5;2;2;1;5;2;1;3;4;3;2
R188;4;3;2;2;2;2;3;2;1;1;4;2;2;5;3;5;3;4;4;4;5;2;2;4;4;3;4;4;5;2;1;2;2;1;2;5;2
R189;5;4;5;4;2;2;3;3;4;5;5;5;1;1;4;5;3;5;2;5;3;5;2;2;5;5;5;2;1;4;5;2;2;3;4;4;2
R190;4;5;3;5;2;2;5;2;5;4;2;5;2;3;4;2;4;4;5;1;3;2;5;2;5;3;2;1;1;4;5;4;5;3;5;1;4
R191;4;4;1;3;2;5;1;1;5;5;1;5;2;1;3;3;4;5;4;4;4;3;4;5;3;1;4;4;4;1;1;1;2;3;2;1;3
R192;4;3;3;3;2;4;3;1;3;2;1;3;2;4;2;2;1;3;2;5;2;4;5;2;2;5;1;1;4;1;2;4;2;4;1;2;4
R193;2;2;5;4;4;5;5;4;4;4;4;4;1;3;2;2;4;2;5;3;2;1;5;1;4;4;1;3;5;5;1;1;5;2;2;1;3
R194;3;5;2;5;3;2;2;5;5;4;2;4;1;3;2;1;2;5;3;1;4;1;3;5;5;4;1;1;1;5;2;5;4;1;4;5;1
R195;1;3;1;4;3;1;5;1;2;3;1;4;5;3;4;4;2;1;1;3;4;4;4;4;3;4;1;4;5;1;5;1;1;2;2;1;2
R196;2;5;1;3;5;3;3;3;1;4;4;5;1;5;1;5;2;2;4;1;4;5;3;1;2;2;1;3;2;3;4;2;2;2;3;3;2
R197;4;4;5;2;5;5;1;2;4;2;1;3;1;3;1;1;3;2;1;5;2;1;3;1;5;3;5;4;4;2;4;3;3;1;5;3;5
R198;1;2;1;2;4;2;2;3;2;1;5;5;1;1;2;4;3;2;2;1;1;5;4;5;1;4;1;4;5;5;1;4;2;2;4;5;5
R199;4;1;1;5;5;3;4;5;2;4;3;3;4;5;1;2;3;2;4;3;1;1;5;1;5;3;2;3;3;2;1;4;4;4;5;4;1
R200;4;4;2;5;4;2;1;2;2;1;3;2;4;4;1;1;3;5;5;1;2;5;2;3;3;5;5;2;5;2;3;4;4;4;1;1;1
R201;4;3;2;1;2;1;3;3;5;5;1;4;3;3;5;2;2;1;4;2;3;5;5;4;3;5;5;1;4;3;1;2;4;5;3;4;5
R202;4;1;5;1;2;5;1;3;3;5;5;3;4;3;2;5;4;1;2;2;2;4;3;3;4;1;2;3;2;4;4;2;5;1;4;5;4
R203;2;5;2;5;3;3;5;1;5;1;4;2;2;2;4;5;1;1;5;2;3;2;4;2;4;4;5;5;5;1;3;5;5;5;5;5;1
R204;5;1;1;4;3;2;5;5;4;5;5;1;4;3;5;5;5;4;3;4;4;3;5;3;5;3;4;2;3;4;4;4;3;4;2;5;4
R205;1;1;3;1;5;2;1;3;5;1;3;4;1;1;1;5;4;2;3;5;4;2;2;5;5;3;2;3;5;5;4;1;3;2;4;4;2
R206;1;4;4;2;2;1;3;2;4;5;2;1;1;2;3;3;5;1;3;5;2;1;4;2;5;2;2;5;2;4;4;3;1;1;4;4;5
R207;2;4;5;1;4;4;2;2;3;4;1;4;4;3;5;4;3;3;4;5;1;4;4;3;5;1;3;1;1;2;5;1;1;2;1;3;5
R208;4;3;4;5;1;2;3;3;3;2;2;2;4;2;5;3;4;2;1;3;4;5;5;5;5;4;4;3;5;5;4;1;4;1;4;4;2
R209;4;2;3;3;4;2;4;5;2;1;4;3;4;1;3;4;5;4;3;3;4;5;4;4;2;2;5;4;1;2;3;1;5;3;3;4;3
R210;2;4;4;4;2;5;3;3;5;4;5;1;4;4;5;4;4;5;3;5;3;5;5;4;2;3;5;5;3;5;1;5;2;2;5;3;4
R211;5;1;5;5;2;5;5;2;5;3;4;5;3;4;1;4;2;2;5;4;4;5;3;2;2;2;1;4;2;3;1;4;1;2;4;4;2
R212;4;3;4;5;5;4;4;4;1;4;5;5;1;5;4;3;5;1;1;4;2;1;2;5;3;5;2;2;2;5;3;4;1;1;3;1;5
R213;1;5;5;2;1;2;1;5;3;5;1;1;3;2;3;1;5;2;4;1;5;2;1;2;4;4;1;4;4;1;4;1;1;5;1;1;5
R214;1;1;5;1;5;1;4;1;4;5;3;3;5;5;2;5;3;3;1;5;1;2;3;4;1;2;3;5;5;1;1;3;4;3;1;2;5
R215;1;5;5;3;1;5;4;5;4;5;3;2;5;4;1;5;3;5;3;4;3;2;2;4;1;1;4;5;3;1;3;4;4;5;3;1;4
R216;3;5;1;3;4;4;1;2;5;5;3;4;3;5;3;1;3;1;2;4;5;4;3;5;2;1;3;1;5;1;1;1;2;2;5;3;5
R217;1;3;3;1;2;5;2;5;2;4;4;3;3;5;1;1;3;3;3;2;3;3;2;2;1;4;5;4;4;1;2;3;5;1;5;4;5
R218;4;2;2;1;3;5;4;4;4;2;5;5;2;4;1;1;5;3;4;4;1;3;3;2;4;4;1;3;2;2;1;5;2;2;3;4;1
R219;1;2;4;1;1;2;5;1;5;2;3;4;1;4;5;3;3;5;4;1;4;3;2;5;4;2;1;2;1;3;4;5;1;2;3;5;3
R220;2;4;3;5;2;2;4;2;5;4;2;4;5;3;1;5;1;5;2;3;3;5;2;5;2;2;5;3;1;4;4;5;2;3;1;5;2
R221;5;4;5;4;1;4;3;4;4;5;1;3;5;2;4;2;1;3;1;4;2;3;2;2;5;1;5;4;4;4;4;1;4;1;5;2;4
R222;5;4;4;1;1;2;5;4;3;3;4;2;3;3;1;4;3;2;4;3;4;4;1;4;5;5;5;1;3;2;1;2;2;3;4;2;1
R223;4;2;1;1;3;3;5;1;2;5;4;4;2;5;5;1;2;5;5;5;2;2;3;4;5;2;5;4;2;4;1;3;5;1;4;4;2
R224;2;4;4;3;3;1;2;5;3;5;1;3;4;1;3;1;2;5;5;3;5;4;1;2;4;1;2;5;4;5;2;3;5;3;2;2;5
R225;2;4;5;5;4;4;2;5;1;4;4;5;5;2;5;3;3;5;5;2;5;5;5;2;2;5;5;4;2;2;4;5;3;1;5;3;1
R226;5;2;3;1;5;1;4;2;3;4;2;5;1;5;1;4;1;1;1;2;1;4;2;2;4;4;2;1;5;2;2;5;5;5;2;1;4
R227;2;2;5;3;5;4;5;3;2;4;3;2;4;3;5;4;1;2;1;4;4;2;3;3;5;5;1;4;3;3;3;1;5;2;2;1;5
R228;1;5;5;3;4;1;2;1;1;4;2;1;3;4;5;3;2;4;1;4;4;2;5;3;3;2;2;2;2;1;1;2;2;3;1;5;2
R229;5;2;5;2;1;3;4;3;1;5;5;2;4;1;1;2;2;2;1;2;5;4;1;1;1;1;2;1;4;2;5;1;3;1;1;2;4
R230;4;3;4;1;1;2;5;4;2;2;2;3;2;2;1;3;3;4;5;3;2;3;3;4;5;2;2;1;4;3;4;5;2;5;2;1;2
R231;5;5;4;3;2;1;5;3;4;4;3;3;1;2;5;4;4;1;5;1;5;1;4;4;4;4;2;5;5;4;2;2;5;3;5;3;2
R232;4;2;2;3;4;1;4;1;2;2;2;4;2;3;4;4;4;4;2;5;5;3;4;1;1;2;1;2;1;1;5;4;1;2;1;2;5
R233;1;1;4;1;4;5;3;3;5;5;4;5;5;1;1;1;3;1;5;3;5;3;2;1;3;2;2;5;5;2;2;1;2;4;5;5;3
R234;4;4;4;1;4;5;4;4;4;2;5;1;5;3;1;4;5;1;4;1;5;4;3;5;2;3;3;5;4;1;3;1;4;1;1;5;4
R235;3;2;5;1;1;1;2;5;5;1;4;5;4;2;1;3;2;1;2;4;2;4;4;5;1;3;2;1;2;4;3;2;1;1;1;3;2
R236;4;2;2;1;1;3;4;5;3;5;4;3;5;1;5;4;5;1;1;3;4;3;2;1;4;3;1;2;2;3;3;1;4;5;1;2;4
R237;3;2;4;2;5;4;4;5;3;2;2;5;3;1;2;4;1;4;5;4;2;4;3;5;5;4;1;2;2;1;4;4;4;5;3;1;1
R238;4;3;1;5;3;1;1;3;5;3;5;1;5;5;2;4;1;2;5;1;4;5;1;5;3;3;1;5;1;4;5;3;5;3;1;1;1
R239;1;2;2;2;1;5;3;2;3;2;2;4;2;4;2;3;1;1;1;4;2;4;2;1;5;3;4;4;4;1;4;2;3;5;1;1;5
R240;1;5;1;5;5;1;5;2;4;5;3;5;4;2;4;2;5;2;4;3;5;3;4;1;1;1;3;1;2;1;2;3;5;4;1;4;3
R241;4;2;1;2;3;4;5;4;4;4;5;4;2;1;5;1;1;3;1;4;2;4;4;1;1;5;4;3;5;4;4;4;3;5;5;2;4
R242;1;5;1;2;1;2;1;4;4;1;2;2;4;5;2;4;3;3;4;4;2;1;4;1;4;3;4;1;3;5;2;5;5;5;4;5;1
R243;3;5;4;3;2;1;2;1;2;4;1;1;3;2;1;5;2;2;4;2;2;5;5;3;4;3;5;4;5;5;4;2;1;4;1;1;5
R244;2;3;2;4;5;5;4;1;1;5;1;2;1;5;5;2;4;1;4;4;2;5;3;2;1;3;3;5;3;4;2;5;3;1;5;2;2
R245;2;4;3;2;3;4;1;2;2;1;1;2;3;4;4;3;2;5;3;2;4;5;1;2;3;4;4;5;4;5;2;3;4;5;1;5;4
R246;4;4;2;2;1;3;3;1;2;3;4;3;4;5;3;2;2;3;1;1;4;3;1;3;2;4;4;1;5;5;5;1;5;3;2;4;4
R247;4;1;4;4;2;5;3;2;3;2;1;4;3;2;2;4;2;4;5;5;5;3;1;2;5;5;2;1;3;4;5;4;2;3;4;5;1
R248;1;3;4;3;2;5;2;1;5;4;3;3;4;2;4;2;1;5;4;5;5;3;1;2;1;1;5;3;3;4;5;5;1;5;5;3;4
R249;3;1;3;4;3;5;5;2;4;1;3;4;2;1;3;4;1;4;2;4;3;2;5;2;4;3;3;3;2;1;2;1;5;2;3;2;1
R250;2;2;4;4;3;1;4;2;5;5;5;4;1;1;2;5;5;5;1;4;2;1;5;3;4;3;5;2;2;1;2;3;3;1;3;5;1
R251;1;4;5;5;2;3;2;3;2;1;2;4;2;2;3;1;3;3;3;5;3;5;1;4;1;5;4;4;1;1;1;1;3;5;2;4;1
R252;3;4;1;4;3;5;5;2;4;1;4;5;5;1;3;1;5;4;2;5;2;1;2;2;4;2;4;3;3;4;4;4;1;2;4;2;2
R253;1;2;1;2;5;2;4;3;3;5;5;5;5;5;5;5;3;4;3;5;3;3;5;3;4;5;2;5;3;2;1;1;1;1;5;5;1
R254;1;1;2;5;4;5;3;1;3;1;5;1;5;5;5;5;5;1;2;2;4;4;1;1;2;1;4;1;4;5;4;1;2;4;1;2;3
R255;5;2;5;2;2;5;2;4;2;3;1;2;1;4;5;4;3;1;5;1;3;5;3;5;5;1;5;3;1;2;4;3;2;5;1;4;2
R256;4;4;3;1;1;2;2;1;5;5;1;1;3;5;2;4;3;2;1;1;1;3;2;5;5;1;2;2;5;4;1;1;4;3;2;4;2
R257;3;1;2;5;1;2;3;1;1;3;1;4;1;3;4;1;1;5;3;4;1;5;3;3;4;1;3;4;5;2;4;4;1;2;5;1;3
R258;4;1;5;2;3;3;2;3;1;1;1;2;5;4;3;3;1;4;3;5;5;2;1;1;1;3;5;5;1;4;3;1;2;3;4;2;4
R259;4;2;1;1;1;1;1;2;4;3;1;2;3;1;1;3;1;4;3;4;1;2;5;3;2;2;2;1;1;4;2;4;2;2;4;4;1
R260;5;3;3;1;4;4;1;5;1;2;3;1;2;4;1;1;1;5;5;2;5;1;4;1;2;2;2;5;2;1;4;1;1;5;4;3;4
R261;2;2;4;5;3;3;3;2;3;1;2;3;4;3;2;1;4;1;1;2;3;2;5;4;3;3;5;4;1;4;1;4;3;3;2;5;1
R262;3;2;3;3;3;3;4;3;2;5;2;3;4;3;4;5;2;5;3;1;2;3;1;5;4;3;4;4;5;1;3;2;1;4;5;5;4
R263;2;2;1;1;1;4;1;2;2;1;4;4;3;1;2;4;1;1;1;5;5;1;2;2;3;1;1;4;2;2;4;2;2;5;3;1;3
R264;1;1;1;5;4;4;2;4;4;2;1;3;3;3;4;1;3;4;4;2;1;2;5;1;3;2;1;2;5;5;3;3;2;2;2;1;3
R265;4;5;2;5;4;5;5;5;1;2;1;3;2;2;1;1;4;2;5;5;1;3;5;4;4;3;1;2;1;5;2;3;1;4;5;1;2
R266;4;4;1;1;5;2;4;2;4;5;5;1;4;4;3;2;3;3;1;1;5;5;1;1;4;4;1;3;4;1;1;3;4;1;4;4;3
R267;3;2;5;3;3;4;2;4;3;3;3;5;2;1;1;3;5;1;2;2;5;1;2;4;1;4;3;1;3;1;2;1;2;3;2;2;5
R268;4;4;1;2;4;5;1;2;2;2;2;3;3;2;2;1;2;1;4;1;2;1;2;3;5;4;4;5;5;4;5;5;1;5;3;3;2
R269;5;1;5;4;2;5;4;3;4;1;1;4;3;4;3;3;3;5;4;1;3;5;2;4;5;5;3;5;2;1;3;1;1;4;5;2;1
R270;4;4;2;1;3;3;3;4;3;4;4;1;4;5;4;3;4;5;5;4;5;4;2;5;3;4;1;1;4;4;2;4;3;1;5;1;2
R271;1;5;2;2;3;2;5;1;3;3;2;1;1;2;1;2;3;3;4;5;4;1;3;3;1;4;5;3;5;1;2;3;2;2;4;4;2
R272;3;5;4;4;1;3;2;3;5;4;2;3;3;1;1;1;4;3;1;5;3;1;2;1;1;5;4;4;3;3;3;5;2;5;3;4;1
R273;5;2;5;1;1;5;3;2;1;3;1;4;2;4;1;1;1;5;3;1;5;5;3;4;5;5;1;5;2;4;3;3;3;4;1;2;4
R274;2;5;4;1;2;4;1;5;4;3;2;3;2;5;3;4;5;4;3;4;4;3;4;3;4;3;2;3;5;1;5;5;5;1;4;4;5
R275;1;2;1;3;4;3;5;4;2;4;4;5;2;2;4;3;4;5;3;2;3;3;5;2;2;4;2;4;3;5;1;2;4;5;1;1;1
R276;2;5;4;3;2;3;3;3;1;3;5;1;5;4;3;4;1;1;4;3;5;1;2;4;3;3;4;4;4;1;2;4;1;4;3;3;2
R277;3;4;4;2;4;2;5;5;5;3;4;1;4;4;2;2;1;3;2;4;5;3;5;2;1;4;3;2;5;2;1;1;2;1;3;3;2
R278;1;2;5;4;2;4;3;3;1;3;3;2;1;1;3;1;1;3;1;2;4;4;2;5;5;3;4;3;2;3;1;5;3;3;3;1;4
R279;1;4;3;4;2;3;4;3;3;2;3;2;1;5;5;4;3;1;5;5;4;3;1;1;1;2;3;1;4;5;4;2;5;5;2;3;4
R280;1;4;3;4;4;1;3;3;2;1;5;2;4;2;3;2;4;3;4;3;3;3;2;2;1;1;4;3;2;2;3;5;1;4;3;3;1
R281;4;1;4;5;5;1;2;2;2;2;2;1;2;3;1;5;2;2;1;2;3;1;4;5;5;2;4;3;3;1;2;1;3;5;1;1;2
R282;5;4;4;2;2;3;3;2;5;2;2;1;2;3;5;5;3;2;3;4;2;3;3;5;5;1;3;4;2;3;5;1;4;1;1;5;1
R283;1;3;5;4;2;1;4;1;4;2;5;3;4;3;3;3;4;3;1;3;1;5;3;2;3;1;5;4;4;4;4;2;4;2;2;2;1
R284;4;4;1;1;1;5;2;3;5;4;5;2;4;3;2;3;3;1;5;1;4;3;1;1;3;4;1;4;2;2;5;4;2;2;4;4;1
R285;1;1;5;1;5;3;1;3;1;2;4;5;1;4;5;2;1;3;2;3;5;1;4;5;2;1;4;4;4;3;5;5;5;4;3;4;2
R286;2;2;2;3;4;4;5;2;5;4;1;1;4;2;2;2;3;3;4;2;3;3;5;3;1;3;5;5;5;1;5;3;5;4;5;2;2
R287;4;4;2;1;2;5;5;5;1;1;1;1;1;5;3;1;2;2;5;2;1;1;1;4;5;4;1;2;3;5;2;2;3;5;4;4;3
R288;4;4;2;3;4;1;5;5;3;5;1;2;2;2;2;1;3;3;4;1;2;4;4;5;4;4;4;4;1;1;2;1;1;5;1;4;4
R289;2;5;3;4;2;1;4;2;4;4;5;3;2;5;1;2;2;1;2;4;5;5;3;3;5;1;1;1;4;1;3;5;4;2;1;1;2
R290;1;4;4;3;1;2;3;2;5;5;4;5;1;1;5;1;1;4;1;4;4;5;3;5;2;1;3;1;4;1;4;3;2;1;2;3;2
R291;1;1;1;3;3;3;1;1;2;5;4;4;2;4;2;2;3;1;3;3;2;4;4;1;3;4;5;1;5;3;3;3;5;2;2;5;5
R292;5;1;3;2;2;5;1;5;5;4;5;3;4;2;3;1;4;3;1;3;5;1;4;3;2;3;3;4;4;3;4;2;3;1;3;2;1
R293;5;4;3;1;5;5;4;5;3;3;3;2;3;4;5;2;4;2;2;2;4;3;4;2;5;4;2;4;2;3;1;2;3;2;5;1;5
R294;4;1;3;2;1;4;5;5;2;3;2;5;5;4;1;4;5;4;2;2;2;4;5;3;1;4;5;3;2;1;2;5;1;5;5;4;3
R295;5;1;1;2;4;5;4;2;2;1;4;1;3;2;5;3;3;4;1;5;3;5;2;1;5;3;2;2;4;1;1;5;5;4;4;2;3
R296;5;5;3;3;1;1;2;4;5;3;1;5;5;2;2;1;1;5;1;2;5;3;2;4;4;4;3;4;4;4;4;3;3;2;1;5;1
R297;3;4;3;4;2;5;1;1;1;2;4;3;2;2;2;1;4;4;5;4;3;2;1;5;2;5;1;1;4;4;5;1;4;5;4;1;5
R298;4;1;3;2;4;1;1;3;5;5;3;1;2;4;3;3;3;3;2;3;1;1;2;2;1;4;3;5;2;3;5;3;4;5;2;5;5
R299;3;4;1;4;4;2;3;1;1;2;1;3;4;1;3;3;2;1;5;5;3;3;3;3;5;4;2;5;3;4;3;1;5;4;5;5;1
R300;4;1;4;4;4;2;4;1;5;3;1;4;4;4;3;3;1;2;4;2;1;4;5;3;5;5;1;4;3;4;1;2;1;2;1;1;1
R301;2;4;4;2;4;1;2;3;2;5;5;1;3;3;4;5;2;1;2;3;4;3;1;1;1;4;2;5;1;1;2;1;2;3;1;4;4
R302;2;3;3;1;5;2;4;3;4;5;1;3;2;1;4;5;3;3;5;2;2;4;5;2;4;1;1;3;3;5;2;2;2;2;4;3;3
R303;4;4;1;3;4;2;1;2;4;1;2;3;5;5;1;4;3;5;4;4;3;1;1;5;2;3;1;5;4;5;5;1;1;2;5;2;3
R304;3;3;2;4;3;1;1;5;3;2;2;3;5;2;2;4;1;2;2;1;1;1;4;4;5;3;3;3;5;4;5;1;2;4;1;3;2
R305;2;5;5;1;1;5;1;2;5;4;5;4;1;4;3;3;2;1;3;3;2;1;3;3;2;5;1;1;3;5;4;5;3;1;3;4;2
R306;2;3;5;5;2;5;5;4;2;2;3;3;1;1;3;3;3;5;3;3;2;2;3;3;3;5;5;1;5;2;3;3;5;3;1;4;5
R307;4;5;2;1;1;5;4;5;3;1;5;4;3;3;1;3;1;4;3;3;2;3;5;2;4;4;4;4;5;5;3;5;4;2;3;2;5
R308;4;1;4;1;3;5;4;3;1;4;4;4;1;5;3;5;3;3;2;3;2;3;4;4;3;1;2;3;1;5;5;2;1;3;2;1;3
R309;2;4;3;4;4;5;2;2;5;5;3;5;5;4;1;2;2;1;4;5;2;3;4;2;4;3;2;3;3;5;3;1;1;5;2;5;2
R310;4;4;4;1;2;4;3;5;5;2;3;5;5;1;3;5;1;2;2;1;3;1;2;4;4;1;2;2;5;3;5;3;4;4;5;2;4
R311;3;2;2;3;3;3;1;5;5;1;5;1;2;2;5;2;3;4;4;2;2;2;1;1;4;2;4;4;1;3;4;4;1;1;4;2;4
R312;4;2;2;4;1;3;1;1;1;1;3;5;2;3;3;3;1;5;3;3;3;3;5;4;5;1;1;5;1;5;1;1;3;1;3;5;5
R313;1;1;3;2;5;1;4;3;2;4;4;2;2;1;2;4;1;3;4;4;5;3;3;4;1;2;2;2;3;4;3;5;2;2;1;5;3
R314;5;4;5;1;1;5;5;5;5;3;2;1;3;2;1;3;1;2;4;5;2;3;1;2;2;2;4;4;2;3;1;1;3;2;2;1;2
R315;3;3;5;1;3;2;2;3;1;2;1;5;1;4;1;1;2;3;3;4;2;2;1;4;1;2;5;3;2;3;5;5;2;2;4;4;1
R316;5;4;5;1;3;5;4;3;4;4;5;5;1;2;1;1;2;5;1;4;4;4;5;3;5;5;4;3;3;3;3;2;2;5;5;3;2
R317;5;3;2;4;4;5;4;5;2;4;3;2;1;2;5;2;2;4;2;5;2;5;4;2;4;4;2;4;5;4;5;4;1;4;4;2;4
R318;2;2;2;5;5;1;2;4;2;3;1;2;5;1;5;3;1;1;4;5;3;1;1;3;3;4;4;2;1;5;1;1;1;2;3;4;5
R319;2;5;5;5;1;5;4;4;3;3;3;1;5;1;3;2;1;2;2;1;2;1;2;4;1;3;2;5;2;1;5;5;4;1;5;3;4
R320;3;2;2;2;3;4;3;5;1;4;4;2;1;4;3;1;1;5;3;1;4;4;5;2;1;4;3;2;2;1;3;5;4;1;4;5;1
R321;4;4;3;1;4;3;5;5;4;5;5;3;3;4;2;5;5;5;2;5;1;4;3;2;4;5;4;3;2;5;2;4;1;2;1;3;1
R322;3;4;1;5;2;5;2;1;5;2;1;5;5;5;1;1;2;3;4;1;4;2;4;1;2;1;5;4;2;1;5;3;4;4;5;4;3
R323;1;2;1;1;4;3;2;5;5;4;3;4;2;1;4;3;1;5;5;1;5;2;5;5;1;4;4;5;5;1;3;1;5;2;5;3;2
R324;3;3;3;1;3;3;4;1;2;4;3;3;5;5;4;4;2;3;4;1;1;4;5;5;1;3;4;2;2;2;1;2;3;4;4;4;4
R325;1;4;5;3;2;4;5;5;5;5;2;4;4;2;1;1;5;4;2;4;5;2;1;3;2;4;1;4;1;4;4;4;4;5;1;3;5
R326;3;1;3;5;5;5;3;4;5;5;4;4;4;3;4;4;1;1;4;4;5;1;2;1;2;2;2;2;1;2;2;3;5;5;4;3;2
R327;3;5;2;3;2;3;2;5;3;2;3;5;2;4;5;5;1;3;2;5;3;5;3;4;2;2;2;2;3;4;5;3;2;4;2;1;1
R328;5;4;1;1;2;5;3;5;3;3;4;3;4;4;1;1;4;4;5;3;4;2;4;3;4;1;2;4;4;4;2;5;2;4;4;4;5
R329;5;3;1;5;1;1;2;4;5;3;2;4;1;3;4;5;5;5;2;5;5;1;2;4;2;5;1;4;2;4;2;3;2;5;3;1;2
R330;4;3;2;4;4;4;2;4;5;3;2;4;2;5;1;4;3;4;2;2;4;2;1;5;2;3;3;2;4;1;3;2;4;3;3;2;3
R331;2;4;3;5;1;2;2;4;4;5;1;2;2;5;3;3;5;1;5;2;4;4;5;5;1;4;2;2;5;4;2;4;4;3;4;4;5
R332;4;2;3;1;3;2;1;5;2;2;4;2;4;2;4;2;3;1;1;5;2;4;4;1;4;4;1;1;5;3;1;5;2;5;4;1;3
R333;4;4;4;3;1;5;5;2;1;5;4;2;3;3;5;4;5;4;2;1;1;1;4;4;3;2;4;2;3;5;2;5;3;4;4;1;3
R334;3;2;1;4;4;2;3;5;5;1;5;3;1;1;2;3;4;4;2;3;4;1;1;2;2;5;2;2;3;3;2;1;2;1;4;1;3
R335;4;5;5;3;5;1;2;2;3;5;3;4;1;2;5;1;3;2;4;3;4;1;1;1;5;3;5;5;2;5;4;2;3;5;1;2;2
R336;1;5;1;5;1;1;1;4;4;2;4;2;4;4;1;4;2;3;4;1;1;5;3;3;4;5;4;5;1;3;4;5;2;1;2;4;1
R337;5;3;2;3;2;3;3;4;1;3;5;2;3;4;4;3;4;2;5;4;3;3;2;1;4;5;4;1;1;1;5;1;3;3;4;5;4
R338;4;1;1;1;1;3;1;4;1;1;2;3;2;3;2;2;4;3;3;1;2;2;3;4;4;1;3;4;5;1;3;3;1;2;5;4;4
R339;5;3;4;3;3;5;2;4;3;4;1;3;2;3;4;4;4;1;4;2;4;1;2;1;1;5;3;5;5;2;1;3;3;2;4;4;5
R340;5;2;1;5;4;3;3;3;1;3;3;2;1;3;5;2;5;2;1;4;2;2;4;4;5;3;5;2;5;5;2;3;4;4;5;1;4
R341;2;1;2;2;3;2;5;5;5;4;2;1;3;5;1;4;5;3;3;2;2;2;5;5;4;2;5;5;5;2;2;2;2;4;1;4;2
R342;3;4;3;4;3;5;5;1;1;1;2;2;2;1;4;1;1;2;2;3;4;2;1;4;5;3;4;5;3;4;1;2;2;2;3;2;1
R343;5;4;1;5;5;2;2;5;5;2;2;2;2;4;2;3;3;3;5;4;5;4;3;2;1;3;1;3;3;5;4;4;1;4;5;4;3
R344;4;5;3;3;4;4;5;2;5;1;4;2;3;3;4;2;2;5;1;4;3;4;2;4;4;1;1;2;1;3;5;1;2;3;2;1;5
R345;5;1;5;2;4;3;5;2;2;2;3;2;5;5;4;4;4;4;5;1;1;4;2;5;4;2;3;5;3;3;4;1;4;3;4;2;3
R346;2;5;2;3;3;2;3;2;4;1;4;2;4;1;3;4;3;3;3;3;1;4;3;4;5;2;3;5;2;1;5;3;4;5;2;4;1
R347;4;1;1;1;2;1;4;4;1;2;3;3;2;5;3;1;2;4;4;3;1;2;1;4;5;5;3;3;4;5;5;5;5;4;5;1;2
R348;2;3;3;2;3;1;4;2;2;3;5;4;1;3;3;4;1;4;5;4;1;4;2;3;1;2;2;5;2;3;2;2;4;2;5;5;3
R349;3;5;2;3;5;2;5;5;4;3;1;5;5;2;3;2;5;5;2;2;3;3;2;3;1;1;4;3;4;1;5;2;2;5;1;5;1
R350;3;1;3;2;2;2;3;1;2;2;2;1;3;4;2;3;5;4;2;4;1;5;1;1;4;1;2;1;5;2;3;3;4;1;2;5;4
R351;4;2;3;1;5;2;2;5;5;2;4;3;1;2;1;3;1;1;1;1;1;2;3;2;4;1;4;4;4;2;3;2;1;5;4;2;5
R352;2;3;4;1;2;2;5;3;5;5;1;3;1;1;3;3;2;1;5;1;1;1;5;1;5;5;5;2;5;3;1;1;2;1;2;5;5
R353;4;4;2;5;1;4;4;3;1;1;3;3;1;4;1;1;3;5;2;1;2;4;4;4;2;1;4;2;1;1;1;2;4;5;4;5;5
R354;4;2;4;4;4;2;4;4;5;1;1;3;3;2;4;3;5;4;4;4;2;1;1;2;3;5;1;1;3;5;5;3;1;3;1;2;4
R355;5;4;3;2;4;2;1;5;4;1;2;3;3;5;4;3;4;5;2;1;3;2;1;1;1;3;5;5;2;1;3;1;4;5;3;2;2
R356;1;5;4;2;1;4;1;4;2;3;2;4;5;2;3;3;5;4;2;1;1;4;2;4;5;5;3;3;4;3;3;5;4;4;4;4;1
R357;3;3;3;3;1;5;5;4;4;2;5;4;2;3;5;5;2;5;2;1;2;5;3;3;1;1;1;5;2;2;2;1;3;3;5;1;2
R358;1;1;1;5;5;2;4;3;3;3;3;2;4;5;5;1;1;1;5;3;3;1;5;4;3;4;1;4;1;2;5;1;3;4;2;4;3
R359;4;1;2;3;4;5;1;3;4;3;5;1;5;4;3;1;2;3;3;1;2;2;2;3;1;5;3;1;5;2;2;5;2;3;5;3;4
R360;1;5;1;5;3;2;3;1;2;3;4;4;2;2;3;1;2;3;1;2;5;4;4;1;3;1;3;2;3;4;5;4;4;2;1;3;4
R361;2;5;4;1;3;2;4;4;2;2;5;4;2;4;2;5;4;4;2;4;2;2;5;3;5;5;5;2;3;3;3;2;4;3;2;2;3
R362;5;2;4;4;5;4;1;3;3;5;5;3;2;5;4;2;3;1;5;5;4;2;2;5;1;2;3;1;2;4;3;2;5;2;5;5;5
R363;5;2;3;5;3;4;5;3;3;3;3;3;4;2;5;1;2;3;1;3;4;5;1;5;2;1;5;1;2;3;3;2;5;1;4;1;2
R364;1;4;3;4;1;1;5;1;3;1;4;1;1;4;2;4;4;2;4;2;5;1;5;5;3;5;2;3;1;4;1;1;2;4;5;4;5
R365;5;1;1;4;2;4;2;2;2;3;5;4;4;5;2;2;4;4;3;2;3;2;2;1;5;1;5;5;2;5;3;2;3;5;1;1;2
R366;3;5;1;4;4;2;5;3;3;3;4;5;3;1;1;2;4;1;5;4;2;2;5;3;4;5;1;5;3;4;1;4;4;2;2;4;4
R367;4;5;1;1;2;2;4;2;5;1;5;1;3;5;1;5;5;2;4;1;5;3;4;3;3;4;1;1;5;1;2;5;2;5;5;5;2
R368;5;3;1;4;1;5;2;2;3;4;3;5;2;5;3;4;3;1;2;2;3;2;5;1;4;2;2;1;1;3;1;5;5;2;5;5;4
R369;5;2;5;5;5;2;3;5;5;2;3;3;2;4;4;3;4;2;4;4;1;2;3;1;1;5;1;1;5;5;4;1;3;1;2;1;5
R370;4;5;3;2;5;1;2;1;1;4;4;5;5;4;3;3;3;1;5;5;1;5;3;5;5;5;2;2;1;5;2;3;4;1;1;4;1
R371;5;2;4;5;2;5;5;2;3;2;4;1;4;2;1;3;3;1;4;3;3;2;1;3;1;1;4;2;1;1;3;2;1;5;2;3;2
R372;1;4;3;3;2;5;4;1;5;2;2;5;4;4;1;4;2;1;5;1;1;4;2;3;4;1;1;2;1;4;4;3;3;5;2;5;4
R373;4;2;1;4;1;5;1;2;5;5;4;5;3;1;5;4;1;2;5;5;2;1;3;4;1;1;3;4;2;3;1;2;1;2;1;1;3
R374;2;2;5;2;3;1;4;4;5;4;2;2;2;5;4;1;5;5;4;2;3;5;3;4;1;3;1;4;3;4;3;5;5;5;2;2;4
R375;3;4;3;2;3;2;3;2;3;5;4;4;2;1;4;1;5;1;1;5;2;3;4;5;3;5;3;2;3;2;3;4;1;4;2;2;2
R376;2;2;3;4;5;5;3;3;2;5;1;3;4;1;4;5;3;3;2;2;1;3;4;4;5;1;3;1;1;1;3;3;2;5;3;3;5
R377;4;4;5;3;2;2;5;4;1;3;5;3;2;1;1;5;2;3;4;4;1;4;2;1;4;3;5;4;2;1;2;3;2;1;3;4;1
R378;2;4;3;1;2;3;5;3;1;3;2;5;4;5;4;1;2;1;1;2;4;3;5;4;5;2;2;3;4;3;4;3;5;1;1;2;4
R379;1;1;2;2;4;1;1;3;2;1;5;3;1;5;1;5;3;4;5;2;3;3;2;3;1;3;2;1;2;3;5;5;1;3;5;4;3
R380;2;5;5;4;4;5;3;5;4;4;3;5;4;4;5;1;5;1;1;1;3;3;5;2;3;3;3;3;3;3;3;5;2;5;5;3;3
R381;2;4;2;1;5;5;5;3;3;4;1;3;2;3;4;5;5;1;3;5;3;3;4;3;3;5;3;5;1;2;5;1;3;2;4;5;3
R382;5;2;3;2;4;3;2;2;2;3;1;2;1;2;4;3;1;3;5;2;4;2;1;5;5;1;3;4;2;3;4;1;4;2;4;1;5
R383;4;4;2;3;2;5;4;5;4;2;2;2;5;4;4;1;2;2;4;1;4;4;5;1;1;2;2;4;2;3;5;3;4;5;4;4;1
R384;5;2;3;3;3;1;3;1;2;5;3;1;5;2;1;5;2;2;1;5;3;4;5;5;4;4;4;2;5;4;4;5;3;4;4;1;1
R385;5;2;5;1;4;1;4;5;2;1;3;3;3;1;3;5;3;3;1;2;2;3;3;1;2;5;4;1;1;3;4;5;1;5;4;4;5
R386;3;4;5;2;2;1;4;1;4;1;5;5;2;2;2;5;2;5;4;4;1;5;1;4;2;5;5;2;1;1;2;2;3;3;3;4;5
R387;1;4;2;2;3;4;1;1;2;1;3;4;3;1;4;3;5;5;1;1;2;1;2;3;3;4;3;4;2;4;2;2;2;2;4;3;1
R388;5;4;4;3;1;1;1;1;4;4;4;3;5;1;3;4;4;1;4;2;1;4;5;4;3;2;3;4;4;2;1;5;1;4;2;5;4
R389;5;5;2;5;2;1;1;4;2;1;4;3;5;3;4;2;2;5;5;3;2;3;1;2;4;2;4;2;4;5;1;1;5;2;4;3;3
R390;2;3;4;4;1;5;2;4;1;4;1;1;4;1;1;3;5;3;1;5;4;2;2;2;1;2;4;4;4;5;4;1;5;2;5;1;5
R391;5;1;5;1;5;3;3;2;4;5;5;3;4;2;1;5;1;1;5;5;1;3;2;1;1;4;4;1;1;3;1;2;5;2;5;3;4
R392;2;3;3;2;5;2;5;2;3;3;4;2;5;1;1;4;5;5;4;1;3;5;3;5;3;1;4;2;5;3;1;2;2;2;1;5;4
R393;4;3;2;4;4;2;1;3;1;4;1;1;4;2;5;1;1;5;2;4;3;3;3;4;3;5;1;1;4;3;1;4;1;1;5;3;1
R394;3;3;2;2;1;1;2;1;3;5;1;4;1;1;1;4;3;2;4;5;5;2;5;3;5;1;4;2;5;3;5;1;3;4;2;1;5
R395;4;2;2;1;4;4;5;5;1;1;2;3;1;2;4;3;2;5;2;4;4;5;4;1;1;5;3;3;5;5;5;5;5;1;2;5;4
R396;3;5;2;5;4;2;5;2;2;2;4;4;2;5;4;3;3;4;4;1;4;5;5;3;3;1;4;1;3;2;1;3;2;5;3;2;1
R397;4;1;2;5;3;3;1;1;4;1;2;5;1;4;4;2;1;5;1;3;4;4;3;3;1;3;5;4;2;5;1;3;2;2;1;3;4
R398;1;3;2;1;2;4;2;4;4;1;2;2;4;1;5;1;1;2;5;2;3;5;4;4;4;2;2;3;3;4;2;4;4;4;3;1;1
R399;5;2;4;3;3;3;3;2;5;4;4;3;1;1;1;1;1;5;3;2;2;2;5;5;2;4;2;5;2;4;1;2;4;2;5;3;1
R400;2;3;4;2;3;2;1;1;4;1;1;1;1;5;1;1;3;2;3;5;2;2;3;4;5;1;4;4;5;1;3;3;2;2;4;1;5
R401;5;1;2;4;1;1;1;1;2;3;3;1;4;3;4;2;2;5;1;5;4;4;2;3;2;3;5;5;5;3;2;1;4;5;5;5;3
R402;5;2;3;3;5;1;5;1;3;2;4;1;2;5;1;2;1;2;3;4;4;3;4;5;1;5;1;3;5;1;3;5;5;5;3;1;5
R403;2;1;4;4;3;3;5;2;2;4;5;4;5;3;3;3;4;4;4;2;1;2;3;3;5;2;3;3;3;3;2;2;3;3;5;2;3
R404;4;5;1;4;2;4;1;4;4;1;3;1;4;3;1;4;4;1;1;5;5;1;3;5;4;2;1;5;3;5;4;2;3;5;5;5;3
R405;4;3;5;4;5;3;5;2;2;1;3;3;2;5;5;4;2;4;2;4;2;3;3;5;4;5;4;3;3;4;1;2;4;2;2;5;1
R406;4;5;2;2;4;1;3;3;5;2;2;1;3;1;5;1;2;2;4;3;3;5;1;4;2;3;3;1;4;5;1;3;2;3;1;4;2
R407;3;3;4;1;1;4;4;1;1;3;2;2;2;3;4;1;2;2;5;5;5;3;4;5;1;3;2;4;2;2;5;5;3;1;3;2;2
R408;2;2;1;4;5;4;4;5;2;5;4;1;3;2;5;5;5;4;5;1;3;2;2;2;4;3;1;4;3;1;3;4;4;1;1;4;1
R409;5;4;5;5;3;3;2;4;3;2;2;2;2;1;5;4;5;1;1;1;4;3;2;3;2;1;2;2;4;4;3;5;2;3;4;4;5
R410;2;4;4;2;4;1;4;1;3;4;1;5;3;1;5;5;4;5;2;4;5;2;3;4;2;4;2;2;4;1;1;4;2;3;5;5;1
R411;4;3;1;2;5;5;3;1;2;3;3;4;3;5;5;4;1;3;3;3;5;1;5;4;3;3;1;2;5;2;5;5;2;1;5;3;3
R412;5;5;2;1;1;1;3;3;5;2;3;5;4;5;3;3;5;1;2;5;3;3;5;4;5;3;3;5;5;4;2;1;3;3;2;5;1
R413;4;5;5;1;1;2;1;2;4;4;4;1;1;5;3;3;2;1;3;5;1;4;1;5;4;2;3;2;4;4;5;5;5;5;1;1;1
R414;4;3;2;5;3;2;5;2;5;5;3;2;3;3;1;3;3;2;3;1;1;4;3;4;2;2;4;5;5;2;1;4;4;4;1;3;3
R415;4;2;5;5;4;5;4;4;2;1;5;2;1;1;1;3;2;3;4;1;2;2;1;3;5;4;5;4;3;1;4;4;4;1;1;1;1
R416;4;2;2;2;4;5;1;3;5;3;2;3;3;4;5;2;2;1;5;5;4;4;3;2;5;2;1;2;4;1;2;5;1;2;3;4;1
R417;5;3;2;3;4;4;2;4;4;5;4;4;5;5;5;5;1;2;3;1;2;3;3;2;4;3;4;5;1;5;3;5;5;2;2;4;4
R418;2;4;1;3;2;2;3;5;5;4;1;4;5;2;5;1;1;4;5;2;1;4;4;3;4;1;3;5;5;3;3;4;3;4;1;3;5
R419;3;1;2;2;2;3;5;5;2;3;3;5;1;4;1;5;1;1;2;2;2;3;5;1;2;1;4;1;2;1;4;3;5;4;5;4;5
R420;2;4;2;2;1;3;5;2;3;5;3;4;1;3;1;3;1;5;3;5;4;4;4;2;3;5;5;5;1;3;1;2;1;2;1;1;1
R421;2;1;1;4;3;5;5;5;4;3;4;5;3;3;5;3;4;3;3;1;1;1;5;5;1;2;1;2;5;2;5;1;1;3;5;1;2
R422;1;5;3;1;4;3;2;3;1;3;3;1;2;2;5;1;1;5;2;4;4;3;3;3;2;2;5;3;2;1;3;3;5;3;4;3;5
R423;5;2;2;5;1;3;1;1;4;3;5;3;2;4;2;3;5;3;2;4;5;3;4;3;5;4;4;3;4;5;3;2;3;5;1;5;3
R424;2;2;5;1;4;3;2;3;2;4;5;4;1;5;3;3;5;5;4;3;4;2;4;1;5;4;4;5;1;1;3;2;1;5;1;3;1
R425;3;3;5;1;5;3;5;3;1;5;5;4;1;2;1;4;1;1;3;4;2;2;4;5;3;2;3;5;1;3;5;2;5;1;5;5;4
R426;5;4;3;1;4;2;1;2;4;5;3;1;4;2;2;3;5;1;3;3;5;4;3;3;4;5;1;1;2;3;5;3;3;5;5;5;1
R427;3;3;1;4;1;4;2;3;3;2;2;1;1;5;5;4;4;2;4;5;3;4;5;4;5;1;4;2;2;2;1;2;2;2;5;3;3
R428;4;4;4;2;5;3;4;3;4;3;1;1;4;4;4;3;5;1;3;3;3;4;4;4;5;5;5;4;3;2;3;5;2;1;4;3;4
R429;4;4;4;4;3;5;1;5;2;5;5;1;1;5;5;4;3;4;2;1;1;5;4;5;1;2;1;2;1;5;5;3;5;2;2;2;5
R430;5;2;3;4;3;1;3;1;3;3;2;5;4;2;3;1;3;4;5;1;5;3;5;4;4;3;5;4;4;2;3;2;1;1;2;2;4
R431;3;4;5;1;4;2;3;4;5;5;3;5;1;5;3;2;5;3;5;3;3;3;1;3;4;3;5;4;1;1;5;1;5;5;2;3;3
R432;5;3;5;2;2;1;1;5;3;1;1;3;4;4;2;4;1;1;1;4;3;3;4;1;1;5;5;4;1;1;1;1;2;3;2;2;2
R433;2;5;4;4;1;1;4;2;1;1;2;2;5;2;2;2;2;2;1;4;3;4;5;5;2;3;1;3;5;2;2;2;5;1;3;5;3
R434;3;5;5;4;5;2;4;2;2;3;5;4;3;3;1;4;5;4;3;2;2;4;1;5;2;2;3;1;5;3;2;4;1;4;5;3;5
R435;5;5;3;2;3;5;3;1;2;5;2;3;2;4;1;4;3;4;1;3;2;1;1;2;4;2;3;3;1;4;1;5;2;5;4;2;2
R436;2;2;5;2;5;3;1;1;1;4;4;2;4;1;3;5;2;2;1;2;1;1;3;2;2;5;2;2;3;4;1;1;1;1;3;3;2
R437;2;1;3;2;2;3;4;5;4;5;5;5;2;1;3;4;5;1;4;2;1;3;3;2;5;1;5;5;4;3;1;4;4;4;4;2;5
R438;1;3;3;2;3;1;1;4;4;3;3;5;4;5;2;2;4;3;5;5;5;4;1;3;2;2;1;3;2;4;5;3;1;4;5;4;5
R439;4;1;4;1;4;3;4;3;2;4;2;5;2;4;1;3;5;2;3;5;4;5;2;3;3;5;1;3;1;1;2;3;3;5;3;4;2
R440;5;4;5;3;4;3;5;2;3;3;1;3;2;2;4;5;4;1;5;3;4;4;5;3;5;4;2;1;3;1;3;3;3;1;2;2;3
R441;3;3;5;5;5;5;3;3;2;3;2;4;2;3;2;2;3;2;4;1;3;1;2;5;5;2;5;3;2;4;5;1;1;3;3;3;3
R442;3;5;4;5;3;1;4;5;5;1;3;4;3;4;3;3;4;1;2;2;2;5;3;5;2;4;1;5;1;5;3;2;5;1;5;3;5
R443;4;1;5;5;2;2;1;2;3;1;3;4;1;1;1;3;5;2;4;4;1;5;3;4;5;2;4;1;5;1;3;3;3;1;3;5;3
R444;5;4;5;2;1;2;2;4;1;2;5;1;3;3;3;4;3;1;2;3;4;2;4;4;1;2;1;4;2;2;2;5;2;2;3;4;4
R445;2;3;3;4;2;3;5;1;4;2;5;3;4;3;1;2;3;5;5;4;4;4;3;2;3;1;2;1;2;2;1;2;2;1;3;1;2
R446;3;4;4;2;3;1;1;5;1;5;4;1;2;3;4;5;5;3;3;4;5;5;3;1;1;2;3;4;5;4;5;5;4;2;4;4;2
R447;4;2;4;2;2;1;2;3;5;4;5;1;4;5;3;2;4;1;1;1;5;5;5;2;3;1;3;2;2;3;1;5;5;5;5;5;1
R448;2;4;2;1;4;5;1;2;5;4;2;1;3;2;5;1;3;1;3;3;3;3;2;4;4;3;4;4;2;1;5;1;2;3;4;4;2
R449;3;2;4;2;2;1;1;5;2;3;5;5;3;2;1;5;3;2;4;5;3;1;1;2;2;1;2;2;4;3;4;3;2;4;3;4;4
R450;4;1;4;5;1;1;3;1;2;5;4;1;3;3;5;4;4;5;5;3;1;4;2;3;3;4;4;5;2;4;2;3;2;1;5;1;2
R451;4;4;1;2;4;3;2;3;3;2;2;3;1;4;4;4;2;1;1;4;4;3;2;4;2;4;1;1;5;2;2;1;5;1;5;3;3
R452;1;2;1;4;1;1;4;2;2;2;2;3;4;3;2;4;4;4;1;2;3;4;3;5;2;3;3;4;4;4;1;2;2;4;5;3;4
R453;1;3;3;1;3;2;3;4;4;1;3;3;2;2;5;4;4;2;3;5;3;1;3;1;1;1;1;4;1;3;2;4;3;4;4;5;2
R454;4;2;2;4;4;3;5;1;5;3;1;5;3;3;3;5;5;4;3;4;3;2;4;1;2;2;1;3;1;5;2;5;3;4;3;5;5
R455;2;2;4;2;1;5;2;2;4;5;4;5;4;5;4;3;5;1;3;5;5;5;2;2;2;4;2;4;1;2;2;1;2;2;5;3;3
R456;1;4;2;2;5;5;2;5;2;2;3;4;5;1;5;5;1;4;1;1;1;5;5;1;2;3;1;5;3;5;1;2;2;4;2;4;2
R457;3;2;2;2;2;4;2;1;5;4;2;4;3;4;1;2;3;4;3;2;3;5;3;1;1;1;3;2;3;2;2;5;1;4;3;2;3
R458;4;3;4;2;4;5;3;3;3;5;3;5;5;3;1;4;1;5;5;2;4;4;3;4;2;2;5;1;2;3;3;3;1;1;1;1;2
R459;3;1;3;2;5;1;3;1;1;5;2;2;3;3;5;3;1;1;2;5;4;1;1;3;3;4;1;4;3;2;3;5;1;5;5;1;5
R460;4;4;5;2;5;2;5;3;4;4;4;5;2;3;2;2;4;3;3;4;2;3;1;5;4;2;5;4;4;4;5;2;3;4;1;5;3
R461;1;4;3;3;2;4;3;4;5;2;2;3;3;5;5;3;3;4;2;5;3;3;4;4;5;5;4;4;3;5;3;1;2;3;5;1;3
R462;1;1;4;5;2;4;2;2;4;1;2;5;1;3;3;3;3;3;4;4;1;3;3;5;5;3;3;4;2;4;1;4;5;3;5;3;2
R463;1;3;2;5;2;5;2;4;2;5;2;2;3;2;5;2;3;1;1;4;5;3;4;2;4;2;5;2;4;5;4;4;3;1;4;4;2
R464;1;2;5;1;1;1;5;5;3;5;1;2;2;4;5;2;2;3;3;5;4;1;4;2;4;2;4;5;1;1;3;3;5;1;3;2;5
R465;4;3;5;1;4;5;1;4;3;5;2;5;4;4;2;2;5;4;4;1;4;4;1;1;1;5;2;1;1;4;1;1;5;4;1;5;3
R466;5;2;5;2;4;1;1;4;1;2;2;2;3;1;4;4;5;4;2;4;4;1;5;4;4;2;3;1;4;3;2;1;2;2;3;2;1
R467;2;4;5;2;1;5;5;2;2;4;5;4;4;2;4;5;5;4;4;3;4;3;4;5;2;3;2;3;4;1;4;3;4;1;5;3;3
R468;4;2;4;3;1;5;5;1;4;2;4;5;5;1;4;4;4;3;4;3;4;1;2;4;3;3;2;1;4;3;3;5;3;4;5;1;4
R469;4;3;1;5;4;5;5;4;3;4;4;2;3;4;5;5;2;4;3;4;4;1;2;1;4;4;5;4;3;1;5;3;4;3;2;2;5
R470;2;4;3;2;4;1;2;2;4;1;2;4;1;5;5;5;1;1;1;2;5;3;5;2;2;2;3;4;4;1;1;3;1;4;1;5;3
R471;4;1;3;2;5;1;2;1;1;4;3;5;2;5;2;3;5;1;5;4;2;1;2;5;4;4;5;1;5;2;5;3;2;4;4;2;2
R472;3;4;4;2;2;4;1;1;4;3;1;3;3;1;4;4;5;2;2;1;2;5;4;3;5;2;5;3;4;3;3;1;2;1;3;4;1
R473;3;4;5;4;4;5;5;2;1;1;5;5;4;3;4;4;1;3;1;2;2;3;2;2;1;5;1;2;1;5;3;1;4;1;1;3;1
R474;2;5;2;3;3;2;4;5;5;3;2;3;3;1;1;5;1;3;4;5;5;2;5;2;4;4;3;1;2;1;2;2;2;3;4;1;2
R475;2;3;3;1;3;5;2;1;2;4;4;2;5;5;4;2;4;4;4;4;4;5;5;1;1;4;1;1;5;1;3;1;2;5;5;1;5
R476;1;3;2;5;1;2;2;5;2;1;4;5;1;1;3;5;1;1;1;3;5;3;5;3;2;4;3;1;5;3;2;1;5;1;5;5;2
R477;3;1;5;3;3;4;5;3;1;5;1;5;3;3;4;3;2;2;1;1;1;3;3;4;1;3;2;1;5;2;5;1;2;2;2;1;2
R478;3;5;1;4;5;3;1;5;1;1;2;4;2;5;1;5;4;2;1;2;2;5;1;4;3;1;2;3;2;3;2;2;4;2;3;1;4
R479;1;3;4;2;4;2;5;5;2;4;1;1;2;4;1;1;2;3;4;1;4;5;2;5;2;4;4;1;5;1;3;5;1;4;5;4;1
R480;4;4;1;1;5;2;5;1;2;3;2;2;1;3;3;1;3;4;2;5;3;1;1;5;2;1;4;5;2;1;1;5;4;3;3;3;3
R481;5;3;2;3;3;2;2;2;3;5;2;2;1;1;5;5;3;3;3;1;3;1;4;2;3;2;1;2;3;3;1;2;1;2;3;5;4
R482;4;2;5;2;5;1;4;1;1;3;2;4;1;2;4;2;3;5;4;3;1;5;4;2;4;3;5;2;1;1;2;2;2;4;1;5;3
R483;4;1;2;2;2;1;1;4;3;5;3;4;5;3;3;4;4;3;3;5;4;4;3;1;5;1;2;5;4;3;5;1;5;4;1;5;5
R484;3;4;4;2;2;4;1;1;2;3;4;1;1;1;5;1;1;5;3;5;5;4;1;4;4;5;2;1;3;5;2;4;3;5;4;2;2
R485;3;4;1;5;2;2;4;2;2;2;5;4;4;3;2;3;3;1;3;1;1;5;4;2;5;5;2;5;4;5;1;1;5;1;1;5;5
R486;2;3;3;2;4;4;5;5;1;1;5;1;2;5;4;4;1;5;2;3;3;2;5;2;5;5;1;5;4;1;3;4;4;4;4;5;3
R487;1;5;4;4;3;4;1;3;1;3;3;2;4;2;1;5;3;2;4;4;3;5;5;1;3;4;1;1;4;4;4;2;2;2;2;3;5
R488;3;3;5;2;4;4;4;5;3;1;5;1;4;2;1;3;2;1;1;3;1;5;5;2;1;5;4;3;5;3;2;5;2;5;3;5;2
R489;2;3;5;3;4;2;2;3;4;1;4;4;1;1;5;2;1;2;3;2;4;3;2;3;4;5;2;3;2;3;3;3;4;4;1;3;5
R490;1;1;1;2;5;2;5;5;5;2;1;4;2;5;3;4;2;5;3;5;2;1;4;1;1;1;4;3;5;3;2;3;4;5;4;3;1
R491;3;4;1;1;1;2;3;5;1;2;4;3;1;1;1;1;2;4;5;2;3;5;1;3;3;1;4;4;5;4;2;3;5;5;4;1;3
R492;2;5;1;5;1;4;1;1;1;5;3;5;3;3;3;4;1;5;5;3;1;2;1;4;2;1;4;2;4;1;1;4;5;5;4;2;1
R493;4;4;5;2;5;4;4;5;5;4;2;2;4;3;4;3;3;5;3;4;2;2;4;3;2;4;5;1;2;1;2;1;2;2;3;3;1
R494;3;4;2;1;1;1;3;2;4;5;2;1;5;4;5;3;5;4;3;2;3;5;5;1;4;2;3;3;5;5;3;4;2;4;1;5;5
R495;5;5;2;3;4;4;5;5;5;4;3;3;3;3;5;5;3;3;5;1;1;2;5;2;3;1;2;4;2;5;4;1;5;2;5;5;2
R496;2;4;5;3;3;4;5;4;3;2;4;2;3;4;5;4;3;4;3;4;3;4;1;1;1;4;4;5;4;4;1;2;4;3;4;4;3
R497;3;3;4;4;5;3;1;1;3;1;2;2;3;1;4;2;5;5;4;1;1;4;4;5;2;5;4;2;1;2;4;5;3;3;1;5;5
R498;5;4;3;4;2;3;3;5;3;1;5;1;1;3;3;3;4;5;1;4;4;1;4;4;4;3;1;2;3;2;2;2;3;1;3;3;3
R499;1;2;2;2;4;3;3;1;3;4;2;3;1;1;2;2;4;5;5;2;2;1;1;1;4;2;4;2;3;3;4;3;4;1;2;4;4
R500;2;3;2;5;4;4;1;5;2;2;5;5;4;4;1;3;5;4;5;3;2;3;4;5;5;3;2;2;1;3;5;4;3;4;4;3;2
R501;3;2;5;3;5;5;2;4;4;2;4;3;5;5;5;1;1;2;4;3;5;2;3;4;2;2;3;3;3;5;5;5;5;2;3;3;4
R502;2;1;1;5;3;2;2;1;5;3;4;3;3;5;3;4;3;5;4;5;4;5;1;4;5;5;3;1;5;5;3;5;2;2;2;1;4
R503;3;2;1;4;1;1;2;5;5;1;3;5;5;1;2;3;4;4;2;3;4;3;1;5;1;2;5;3;3;1;1;4;1;4;1;2;3
R504;5;2;3;5;2;2;4;1;2;1;5;1;4;3;4;1;1;2;5;1;4;5;1;5;5;3;4;3;5;3;4;4;3;2;1;2;2
R505;4;2;2;1;2;1;2;4;4;5;2;3;5;2;2;4;1;2;2;1;2;5;2;5;3;1;3;3;3;4;2;2;4;3;3;1;2
R506;2;5;3;5;5;5;3;1;3;1;4;3;2;5;1;1;4;4;1;3;3;3;3;1;3;2;4;2;4;2;3;3;4;3;5;2;2
R507;2;4;5;4;3;4;2;1;3;2;3;5;3;5;3;2;4;1;3;3;5;5;3;1;3;2;5;4;1;3;3;3;2;4;4;5;4
R508;1;5;3;1;3;4;4;2;5;5;2;1;3;1;2;4;5;5;4;2;2;3;5;3;1;4;4;4;4;1;3;1;3;3;5;4;4
R509;4;3;1;4;2;3;1;4;5;3;1;3;4;3;2;2;4;4;1;3;5;1;5;2;4;2;4;1;5;2;3;4;1;4;5;5;4
R510;2;2;5;2;4;1;5;1;4;5;1;4;4;2;5;4;2;3;1;2;1;2;4;3;3;1;3;2;4;5;5;1;1;2;2;1;5
R511;3;4;1;3;5;1;3;4;3;1;3;1;2;3;1;3;2;2;1;4;1;1;3;4;4;5;2;5;5;5;1;4;2;1;3;3;1
R512;5;3;2;5;4;1;1;5;5;2;2;4;2;1;3;4;5;5;4;2;5;3;3;1;5;1;5;5;1;5;2;3;4;3;1;3;4
R513;5;1;1;3;1;4;1;3;2;3;4;5;3;4;5;5;1;2;5;1;2;1;2;2;5;2;2;4;1;1;2;4;4;2;3;4;2
R514;4;1;2;2;1;4;1;3;5;2;4;5;5;4;3;1;4;3;2;5;4;5;3;4;2;5;1;5;4;1;5;4;1;2;3;3;5
R515;3;5;3;4;4;2;5;2;1;1;2;2;4;2;5;3;5;3;2;1;3;3;5;1;2;2;1;5;5;3;4;1;5;3;1;2;4
R516;2;5;1;3;2;5;2;5;2;1;4;2;4;4;4;5;1;5;5;4;3;1;5;5;3;4;2;4;1;5;2;2;5;2;5;1;2
R517;2;2;4;2;5;2;5;5;2;5;2;1;3;2;5;2;5;3;3;2;1;2;3;3;1;4;3;2;2;2;4;3;1;5;1;1;4
R518;3;4;5;3;3;5;1;3;5;1;5;2;3;3;3;1;4;5;4;3;3;4;1;5;3;1;1;5;2;1;2;3;3;2;5;5;2
R519;5;1;3;2;1;1;4;1;3;3;2;5;1;4;1;1;3;1;2;1;1;1;2;5;2;1;5;1;3;3;5;1;3;2;4;4;4
R520;4;5;3;3;5;5;4;2;5;5;4;5;1;2;2;4;2;5;1;1;2;1;4;2;4;1;2;3;4;5;3;1;2;1;3;5;2
R521;2;1;1;1;1;4;4;2;2;4;2;5;1;1;3;5;2;1;2;4;2;5;1;2;3;3;2;2;4;4;4;4;5;5;5;4;5
R522;5;5;1;2;2;5;2;5;4;1;2;5;4;1;2;2;1;2;4;1;5;1;2;1;4;1;4;4;3;5;4;2;2;1;2;5;4
R523;2;5;3;2;5;4;1;4;1;3;3;1;1;4;3;2;3;4;4;5;1;3;5;5;5;1;2;2;3;1;4;5;4;4;3;3;5
R524;4;4;2;5;3;5;1;3;1;1;4;5;2;1;3;1;4;4;1;2;4;3;4;4;5;2;3;2;2;5;4;1;1;2;3;2;3
R525;2;5;4;1;1;2;1;5;2;5;1;1;2;4;2;1;4;5;4;5;1;5;4;4;4;1;3;1;1;2;5;5;3;5;4;1;1
R526;1;3;4;2;1;2;5;3;4;4;2;5;2;4;3;2;5;4;2;3;2;2;1;4;5;2;5;3;4;2;3;5;4;1;5;5;1
R527;2;4;1;1;2;4;4;3;5;1;3;4;2;2;2;5;1;2;5;4;5;3;1;4;5;2;2;5;5;5;1;5;4;3;1;2;5
R528;2;1;2;4;1;4;5;5;5;2;1;4;1;3;2;1;3;2;3;2;5;2;4;1;2;5;4;4;4;5;3;2;3;1;1;5;5
R529;5;4;4;5;1;5;5;4;5;2;2;4;5;2;5;2;3;4;2;5;3;1;5;5;2;5;1;4;2;5;3;1;4;1;2;4;3
R530;4;2;2;4;5;1;3;1;5;2;3;5;3;1;3;1;5;2;4;3;4;4;1;5;3;4;4;5;5;1;5;1;1;1;2;4;3
R531;2;5;2;5;5;3;2;5;4;5;2;2;1;3;2;3;4;1;3;2;2;5;1;4;3;2;4;3;5;2;1;3;3;3;2;5;4
R532;4;1;5;5;5;4;2;1;2;3;4;3;4;4;5;3;3;4;3;1;4;1;4;3;5;5;3;1;1;2;1;1;2;5;5;3;3
R533;5;5;5;2;4;1;3;5;1;3;2;4;3;1;3;4;4;5;2;3;5;3;3;3;3;2;2;1;1;2;5;2;4;2;1;4;3
R534;4;5;4;4;1;4;3;4;5;2;4;2;5;5;2;4;2;4;5;5;1;4;3;4;3;3;4;2;5;1;5;5;1;2;4;4;4
R535;3;1;4;2;1;2;2;1;5;2;4;2;3;3;1;4;4;5;2;5;4;3;5;1;1;4;2;5;1;4;4;2;1;3;5;2;5
R536;2;2;2;1;3;4;1;2;3;2;4;1;5;3;1;5;2;4;2;4;1;4;5;2;1;2;5;4;4;1;1;4;2;3;1;5;3
R537;4;1;4;1;4;4;5;2;2;4;5;4;5;2;2;3;4;3;1;3;3;5;5;2;3;5;2;4;2;1;4;5;2;5;3;2;4
R538;5;2;4;3;1;4;1;4;2;2;1;1;3;3;2;4;4;5;3;4;1;1;4;1;5;2;5;1;3;5;4;5;3;4;3;5;4
R539;3;4;1;3;5;2;3;3;2;5;1;3;1;4;4;1;2;5;1;3;5;3;2;2;2;4;5;4;1;5;3;3;5;2;1;1;5
R540;4;5;5;2;2;1;3;4;2;1;3;2;1;4;3;5;5;5;5;2;1;3;1;2;2;1;1;5;1;1;1;3;2;1;4;5;1
R541;5;3;5;2;1;3;5;3;1;5;2;3;2;4;2;2;4;1;4;3;5;1;4;3;1;4;3;4;5;2;3;5;1;2;1;2;5
R542;2;2;1;5;1;5;4;2;5;5;4;1;1;3;4;4;1;2;4;3;1;4;5;4;1;3;1;2;5;5;4;1;1;4;3;3;2
R543;3;1;1;5;1;2;4;4;4;5;1;4;2;5;5;5;5;5;3;1;3;5;4;2;3;4;1;1;3;1;1;2;1;3;1;1;3
R544;5;4;5;4;1;5;4;3;2;2;4;3;4;1;4;5;4;2;4;2;1;2;1;4;2;5;1;5;4;3;5;3;2;5;4;1;4
R545;5;3;5;3;2;1;5;4;4;3;4;3;5;4;3;2;4;1;1;2;4;4;2;1;1;1;2;5;4;3;1;3;1;5;4;1;1
R546;4;2;3;1;2;2;2;4;3;5;1;4;3;2;3;4;4;5;5;5;3;5;2;2;5;2;4;1;2;2;4;2;3;5;4;5;1
R547;2;3;2;4;5;3;4;3;5;5;3;5;5;1;5;3;4;4;3;4;2;3;3;5;2;1;5;5;1;4;2;4;4;3;5;4;4
R548;2;4;1;5;4;4;1;2;5;5;2;5;4;5;4;3;1;1;2;4;3;3;3;2;4;4;5;5;2;5;3;5;4;2;2;2;4
R549;1;4;4;4;2;1;3;2;2;3;3;2;3;3;2;4;1;5;3;5;1;2;5;1;5;5;2;4;1;5;3;4;2;2;5;2;4
R550;3;4;2;3;1;3;5;1;2;4;5;3;2;2;2;3;5;1;4;2;2;1;3;3;4;3;2;4;2;1;5;1;5;2;1;2;4
R551;1;5;1;3;1;3;2;3;4;1;4;1;1;5;5;5;2;4;4;4;5;3;1;1;4;1;3;3;2;1;2;3;4;1;3;1;5
R552;5;3;4;5;1;4;4;2;3;3;5;5;3;5;4;4;5;3;4;2;5;5;3;4;1;3;1;1;4;4;3;1;4;2;3;1;1
R553;2;1;5;2;2;3;5;3;1;3;3;5;5;3;3;1;3;2;3;5;2;5;1;4;4;5;3;1;3;5;3;3;3;2;3;3;2
R554;5;2;3;1;5;1;3;5;4;5;5;4;1;1;4;4;2;1;2;5;1;5;4;1;3;4;1;4;1;2;3;2;5;1;5;3;3
R555;3;5;2;5;3;3;2;4;5;2;1;1;5;4;2;1;5;3;3;5;4;4;4;5;1;4;4;5;4;3;4;5;3;1;5;4;3
R556;4;2;3;1;1;5;5;4;4;2;3;4;2;5;5;2;3;2;3;3;2;4;3;5;4;3;5;5;5;1;3;4;4;4;5;4;1
R557;4;1;3;5;1;4;4;4;4;3;5;5;5;1;1;2;2;1;5;5;3;3;5;4;2;1;5;5;3;5;2;1;5;2;3;1;4
R558;1;5;1;4;3;1;2;3;1;2;5;5;1;3;3;3;3;1;5;5;5;4;4;1;3;1;3;4;1;1;5;5;5;5;2;1;3
R559;5;3;2;1;4;2;1;5;5;3;4;5;1;2;1;5;4;3;2;1;2;2;1;4;5;5;1;5;3;4;3;5;4;2;5;4;4
R560;5;4;5;2;1;5;2;2;2;5;1;1;3;4;2;2;2;5;3;3;2;1;4;4;5;4;5;4;2;3;3;2;5;4;2;3;5
R561;5;2;5;5;1;5;3;1;5;3;3;2;5;4;4;1;2;5;1;1;4;5;2;3;4;1;5;5;3;5;5;3;3;4;3;2;4
R562;4;4;5;5;5;2;2;2;3;1;4;4;4;4;2;4;2;1;4;1;4;4;4;3;3;3;2;1;3;3;4;4;5;1;2;5;4
R563;2;1;3;5;2;4;2;5;1;1;5;4;4;2;1;3;1;3;5;4;3;1;2;2;5;1;3;1;2;5;3;2;4;3;3;3;2
R564;5;3;3;3;2;4;3;3;1;2;2;4;1;1;5;4;3;5;3;2;4;5;5;1;1;3;1;2;3;4;2;5;1;3;4;2;3
R565;1;5;5;1;5;2;1;4;5;3;3;1;3;2;1;2;3;2;2;1;3;3;2;1;3;3;3;2;3;3;1;5;5;5;4;1;1
R566;3;3;1;4;4;2;2;2;1;2;5;2;3;1;3;2;4;4;1;1;5;4;2;4;1;5;1;1;1;5;4;2;2;1;4;5;5
R567;2;5;5;3;4;5;4;2;5;2;2;2;5;1;1;2;3;3;3;2;5;5;4;4;2;2;1;5;5;3;1;4;1;2;5;3;3
R568;4;1;4;1;4;3;5;1;1;4;4;2;3;2;4;5;5;1;5;4;3;1;1;5;4;5;3;1;2;2;3;2;5;5;3;3;5
R569;5;1;1;1;4;2;1;3;5;2;1;3;4;3;1;4;5;5;4;3;5;5;3;4;5;2;5;5;4;3;4;5;2;3;5;5;4
R570;4;4;4;3;3;1;3;4;4;1;2;2;1;4;1;2;5;3;1;3;2;4;1;3;4;3;5;3;5;2;1;2;4;2;2;5;3
R571;5;4;4;2;2;4;3;3;5;4;3;4;1;1;1;3;5;5;4;1;4;2;4;1;2;5;4;5;4;1;2;4;3;4;3;3;5
R572;5;5;1;3;1;3;3;4;3;3;4;4;4;2;5;2;4;4;2;4;3;5;2;5;2;2;1;2;5;1;2;2;5;2;1;5;1
R573;1;2;5;5;4;1;1;5;3;2;3;3;2;3;5;1;3;5;1;4;1;4;5;3;5;4;5;4;4;2;5;5;1;1;3;5;1
R574;3;4;2;1;5;4;2;4;2;1;2;1;3;1;3;2;2;2;3;4;3;4;1;1;1;5;3;3;3;3;2;2;3;3;3;3;4
R575;4;4;2;2;5;1;5;5;2;5;3;3;3;4;1;5;5;3;4;5;5;5;4;1;4;2;4;5;3;4;3;1;1;4;5;4;2
R576;4;5;4;2;4;2;1;1;1;2;5;2;2;3;5;3;4;4;2;1;4;2;5;2;2;1;1;3;1;3;5;4;5;4;4;1;1
R577;4;4;1;3;4;1;1;1;2;3;1;4;2;2;1;4;1;4;4;3;2;1;4;1;3;1;3;1;4;1;3;5;4;4;4;2;1
R578;2;1;5;2;3;4;2;3;3;5;1;4;1;3;2;4;1;4;3;3;3;4;4;4;5;3;4;3;1;4;2;2;4;4;1;4;3
R579;1;4;3;1;1;1;3;4;3;4;2;4;3;4;5;5;4;1;3;1;5;2;5;5;5;4;4;3;4;1;5;5;5;4;2;1;3
R580;5;4;1;5;1;5;5;2;4;4;3;4;3;5;5;2;5;2;2;3;4;2;1;3;5;1;3;3;3;1;2;5;2;5;5;1;2
R581;5;5;4;3;5;1;4;5;2;2;1;2;5;1;3;1;4;4;4;3;2;3;2;4;1;3;4;3;5;3;5;2;2;4;4;2;5
R582;1;4;1;2;2;3;3;4;4;1;1;5;3;2;3;4;4;2;4;2;3;3;5;4;2;5;4;3;1;1;3;3;4;3;5;1;2
R583;1;3;5;1;1;4;4;4;5;4;1;2;3;1;1;3;4;4;4;5;2;5;5;5;4;4;1;4;5;5;1;3;1;3;2;5;5
R584;3;2;3;4;5;5;3;5;1;1;2;2;3;2;2;2;2;4;1;3;5;2;3;5;4;4;1;2;4;2;3;1;1;1;5;4;2
R585;5;2;1;5;2;2;3;4;3;5;4;5;5;4;5;5;1;3;2;2;1;5;4;1;5;5;1;4;1;2;5;4;1;2;4;2;4
R586;1;1;4;2;2;4;4;2;4;1;5;1;5;4;5;4;5;2;4;3;5;5;5;5;3;5;1;4;4;2;1;1;1;2;1;4;1
R587;2;4;1;5;5;3;1;5;3;3;4;3;1;2;2;2;3;4;5;5;5;2;3;5;1;5;3;2;5;2;1;2;2;2;3;2;1
R588;5;3;2;2;2;4;1;4;2;2;5;1;2;2;1;2;4;2;5;5;5;4;1;3;1;1;1;4;3;4;3;4;1;4;3;5;5
R589;4;2;5;4;4;5;5;1;2;5;4;4;3;2;2;2;2;3;2;5;4;1;5;1;3;2;1;2;2;4;2;3;1;1;3;2;2
R590;2;4;5;4;4;1;5;3;3;3;5;5;2;1;3;3;4;5;5;1;1;4;5;5;5;3;2;1;2;3;4;5;5;1;4;2;5
R591;1;4;4;4;4;4;2;3;3;1;2;4;4;5;3;2;2;2;4;2;5;3;3;2;4;3;5;5;2;1;3;2;4;5;4;3;1
R592;4;3;1;1;4;1;5;2;2;1;3;5;4;3;1;3;1;1;2;3;4;2;4;1;2;5;4;3;2;4;1;2;3;5;3;4;2
R593;3;3;3;2;4;3;5;4;5;4;1;4;5;1;1;2;4;4;4;5;5;1;3;2;2;3;5;4;4;1;4;1;3;2;5;3;4
R594;3;5;4;3;2;1;4;1;5;5;4;1;2;5;3;2;1;3;5;2;3;2;2;1;1;2;4;2;3;1;4;2;4;3;2;1;3
R595;1;1;3;1;5;5;1;3;2;3;3;2;2;4;5;4;2;2;4;3;4;1;4;2;5;3;1;4;3;3;4;2;4;1;1;4;2
R596;4;3;5;2;5;2;1;1;2;5;2;2;2;3;1;4;3;1;4;2;4;3;2;3;2;5;4;1;2;2;1;2;3;1;2;1;2
R597;5;3;1;4;1;3;5;1;1;1;4;1;3;1;1;5;5;1;3;1;1;5;3;2;3;5;2;3;4;3;1;2;1;3;5;3;4
R598;2;2;2;1;5;5;5;1;4;5;5;5;1;4;2;4;5;4;5;2;5;1;1;1;3;2;3;4;1;3;5;3;2;2;1;5;4
R599;5;1;4;3;4;5;1;4;2;4;3;3;2;1;5;2;3;2;2;5;3;5;5;4;1;1;4;1;3;2;3;5;4;5;5;3;4
R600;3;4;3;2;2;2;1;3;4;3;3;3;1;5;3;5;4;1;5;5;1;4;3;5;2;1;2;4;2;3;3;4;2;3;3;3;3
R601;3;3;3;5;3;1;5;1;5;3;1;1;1;1;4;5;5;5;2;4;4;5;2;4;3;3;2;3;3;4;4;5;4;5;2;2;5
R602;2;2;4;1;5;3;2;1;3;4;3;4;3;3;5;3;4;1;2;3;4;4;5;2;1;2;2;3;3;2;5;1;3;3;4;2;3
R603;1;4;4;3;1;5;4;5;4;5;1;1;1;3;4;4;1;5;1;3;3;5;2;2;5;2;1;3;5;1;4;2;4;4;3;3;4
R604;3;4;3;2;1;5;5;1;2;4;3;4;3;2;3;2;5;5;1;1;4;5;5;3;1;2;2;5;1;2;5;5;4;2;1;1;3
R605;2;5;1;5;1;4;3;3;5;1;3;3;5;2;3;4;3;5;5;5;4;5;3;2;3;3;1;5;4;4;1;2;3;4;3;1;5
R606;4;4;3;4;3;5;4;4;3;2;4;3;2;3;5;3;2;5;3;4;1;5;2;3;5;4;5;1;2;5;4;4;3;4;1;2;2
R607;2;2;1;4;5;3;3;1;1;5;3;3;3;3;3;5;3;4;1;2;4;5;4;4;3;4;1;5;5;3;4;3;2;5;3;1;4
R608;2;5;3;3;1;4;2;2;4;1;3;4;4;3;4;4;3;3;5;3;1;5;2;5;3;3;1;3;4;3;2;3;3;1;3;5;2
R609;1;4;5;3;3;2;5;4;1;1;5;3;3;3;3;1;4;3;3;1;4;5;2;5;1;3;5;3;5;3;2;3;2;2;3;3;1
R610;5;5;4;1;2;5;3;2;2;1;2;5;3;4;5;3;2;5;2;4;5;4;2;4;3;5;3;3;1;3;4;2;2;3;5;3;5
R611;3;5;2;5;2;2;1;2;3;4;1;4;5;3;5;3;4;4;5;3;5;4;4;3;2;4;2;2;2;3;5;4;2;3;5;5;5
R612;3;5;2;2;3;5;2;1;5;5;3;2;1;5;2;1;5;5;5;1;2;3;1;1;3;2;1;5;2;4;5;4;4;5;3;3;1
R613;1;1;3;4;5;4;3;5;3;1;1;1;1;1;3;4;4;3;5;4;4;1;5;5;2;4;1;1;5;3;2;4;1;1;2;2;2
R614;2;5;3;4;3;2;1;4;1;3;3;1;1;1;4;4;1;3;2;3;5;3;1;2;3;4;5;2;1;1;1;2;4;2;3;5;1
R615;5;3;1;1;1;2;4;2;3;4;5;3;5;2;2;3;4;2;1;5;3;3;4;5;4;4;3;4;4;2;5;1;4;4;2;5;1
R616;3;2;4;1;1;5;4;1;2;4;5;3;2;1;5;2;4;2;2;3;1;5;2;2;2;4;5;1;5;1;1;2;2;5;5;1;3
R617;5;3;5;1;5;1;2;2;1;3;5;2;1;5;5;1;2;4;3;1;1;5;3;2;5;1;2;2;5;2;3;4;3;5;2;5;1
R618;4;5;5;4;2;1;5;3;5;1;3;1;2;2;4;2;1;1;3;4;5;4;4;3;1;3;2;4;2;1;1;3;3;1;5;1;3
R619;2;5;1;4;4;2;5;4;5;5;2;4;3;4;2;3;4;1;1;4;3;5;2;5;4;5;1;5;2;2;5;2;2;3;4;4;5
R620;5;2;5;3;1;2;3;4;3;1;1;5;2;2;2;4;5;4;5;4;2;3;5;3;5;3;2;5;4;5;5;2;2;5;4;4;3
R621;3;5;3;5;1;3;2;1;5;2;2;2;3;3;1;4;5;2;5;2;1;1;5;2;1;4;2;4;2;4;4;4;4;1;3;1;4
R622;3;4;5;5;2;3;2;5;4;2;4;4;3;1;5;5;4;2;5;3;4;5;1;2;3;1;2;1;5;3;1;1;5;5;3;4;5
R623;4;3;4;3;1;2;1;3;3;1;5;1;3;1;3;4;5;3;3;1;5;4;1;3;4;1;2;2;3;1;1;5;3;4;1;2;3
R624;2;4;1;3;3;1;2;5;4;1;4;5;4;4;1;3;1;2;1;1;3;5;2;5;5;3;4;4;1;5;1;5;3;2;3;3;5
R625;2;5;2;1;5;1;4;3;4;3;1;3;2;4;2;3;1;3;2;3;1;5;2;2;5;4;4;2;2;2;5;4;2;3;2;4;5
R626;4;1;5;3;5;3;3;2;5;1;3;3;5;3;1;2;3;4;1;1;5;2;2;3;4;5;4;4;4;1;1;2;1;2;5;2;3
R627;4;3;5;4;2;3;3;4;2;1;5;4;5;2;2;4;3;1;5;2;2;2;5;5;5;3;3;1;5;2;5;5;1;4;3;5;1
R628;2;5;4;3;5;2;3;1;2;1;3;4;2;4;5;3;2;4;1;5;2;1;5;5;3;2;1;5;4;5;2;2;3;1;4;3;2
R629;5;5;2;5;1;3;3;1;4;5;2;4;3;3;2;1;5;1;2;4;3;5;2;3;3;1;4;1;5;1;3;1;1;2;3;5;4
R630;2;3;3;3;1;4;2;5;2;1;2;3;3;4;3;2;2;1;3;3;2;2;4;3;1;4;3;5;4;3;2;1;3;3;5;4;4
R631;3;2;1;2;3;1;4;4;5;5;1;2;5;5;4;2;2;2;3;2;4;4;2;4;4;3;1;4;5;2;1;5;1;1;3;3;2
R632;1;3;5;2;5;5;2;2;5;4;5;4;3;1;5;3;2;1;4;3;2;5;2;1;3;3;1;3;5;5;2;2;1;5;1;3;4
R633;2;4;3;2;5;4;1;4;4;5;1;3;2;1;1;4;3;1;5;1;3;5;5;3;4;5;2;2;4;2;2;4;5;3;5;3;3
R634;2;2;5;4;1;1;3;1;3;3;4;5;4;1;1;2;5;3;2;2;3;1;5;1;5;2;1;2;4;2;1;1;2;1;4;2;2
R635;2;1;2;3;5;1;5;2;3;3;3;1;4;4;5;4;4;1;1;1;2;3;5;1;5;4;2;3;3;4;5;4;5;4;3;3;5
R636;5;5;2;3;3;5;1;3;5;4;1;4;3;1;4;4;1;4;3;2;3;3;2;2;4;3;1;5;5;5;3;5;3;5;4;2;1
R637;2;1;1;5;5;1;3;4;5;3;2;3;3;5;4;1;3;3;3;5;3;3;1;2;4;2;2;1;4;2;5;5;1;5;4;2;4
R638;5;3;5;4;1;4;3;4;2;2;4;4;5;1;3;3;3;3;1;3;5;3;2;2;4;2;2;1;1;5;4;4;4;5;5;4;3
R639;5;1;1;2;1;3;2;2;2;5;1;3;5;1;5;2;2;1;1;4;2;3;3;3;3;1;1;2;2;3;5;3;4;5;4;1;2
R640;5;2;3;3;3;4;4;4;5;5;3;2;5;5;4;1;3;2;5;5;5;1;5;1;5;5;4;2;1;1;2;3;5;2;5;5;2
R641;1;5;4;2;1;4;3;4;1;4;3;1;2;4;2;2;1;3;3;1;5;5;5;5;2;2;5;1;4;2;1;4;3;5;1;4;1
R642;4;4;5;4;4;5;5;2;1;1;5;4;2;3;4;5;1;4;4;5;5;3;4;3;1;1;4;2;2;5;2;3;1;3;4;3;5
R643;3;3;1;5;2;5;5;1;2;3;2;5;2;3;5;5;2;2;1;3;3;3;2;1;5;5;3;1;3;2;2;3;4;5;4;2;2
R644;1;1;4;1;3;2;4;2;1;1;5;5;3;5;2;4;4;1;1;4;4;3;4;4;3;4;4;2;1;3;2;5;2;1;3;3;5
R645;3;5;2;4;1;4;5;2;4;5;5;1;2;3;3;1;1;1;1;2;4;1;5;3;3;1;3;3;3;5;2;5;5;5;4;4;1
R646;2;1;4;2;1;3;3;3;5;2;1;5;3;3;3;5;3;3;2;5;4;5;1;1;2;5;2;1;2;2;4;1;5;5;1;5;1
R647;1;3;4;4;2;5;1;2;2;2;2;2;4;3;3;4;2;1;4;4;2;5;2;1;3;5;4;4;2;2;4;2;4;2;3;3;1
R648;3;2;4;3;5;3;3;3;4;4;5;2;2;3;3;1;5;5;5;1;5;4;4;3;4;4;2;4;5;3;4;3;3;4;2;1;1
R649;1;4;2;5;3;4;1;2;1;3;3;2;3;4;1;1;4;3;4;3;2;2;4;2;5;4;3;5;5;4;5;2;3;1;1;4;1
R650;3;4;2;5;5;3;2;1;5;4;2;1;3;5;4;1;2;4;4;2;3;1;1;3;3;1;5;2;2;5;3;1;5;1;1;1;2
R651;5;3;2;3;4;1;5;3;2;1;2;2;4;2;3;2;4;3;5;4;1;4;5;5;2;5;2;1;5;2;5;1;5;1;2;5;4
R652;2;2;5;4;5;3;4;1;1;4;5;3;4;4;3;3;3;4;2;4;4;3;5;3;2;3;5;1;5;3;1;3;5;5;3;3;5
R653;5;4;3;2;1;4;3;3;4;5;5;3;1;4;2;1;3;5;2;4;1;4;2;3;1;2;3;3;2;2;3;1;2;5;4;1;1
R654;2;5;4;5;5;5;3;1;1;2;1;2;4;2;3;3;2;2;5;4;3;3;3;3;2;1;1;1;5;3;1;3;4;3;5;1;1
R655;2;3;1;3;1;3;3;2;5;3;1;2;1;5;5;3;4;1;2;1;3;5;2;2;2;1;3;1;2;3;2;2;4;5;1;5;5
R656;3;5;3;5;5;1;4;5;1;3;5;2;1;1;4;2;4;1;1;5;3;5;3;2;5;1;2;5;4;3;2;3;4;3;3;2;2
R657;5;1;2;5;5;3;3;1;3;5;1;3;1;4;2;4;1;2;3;5;5;2;3;2;5;3;2;1;3;3;2;1;5;1;5;2;1
R658;4;5;5;4;1;2;4;5;5;1;1;1;5;2;2;2;2;4;5;1;5;2;4;3;1;2;5;3;4;5;4;3;1;5;1;1;4
R659;4;2;5;5;1;1;5;3;2;4;5;2;2;4;4;2;4;5;5;3;5;5;4;5;1;3;5;4;2;1;3;2;3;1;4;5;4
R660;3;5;5;1;2;2;1;3;2;3;4;3;1;3;3;5;4;3;5;4;2;4;1;4;1;3;2;3;2;2;3;2;5;5;2;2;5
R661;4;5;2;2;2;4;5;1;2;2;2;4;5;4;1;4;1;5;3;4;3;5;2;3;3;4;2;1;2;3;4;3;2;4;2;4;2
R662;5;5;4;2;2;2;1;4;1;4;1;5;5;2;3;3;2;4;3;5;2;2;3;3;1;3;4;1;2;1;2;2;4;5;2;3;1
R663;2;3;1;2;1;1;4;2;2;2;1;2;1;2;5;2;3;3;3;5;2;5;3;3;1;4;4;5;3;5;4;4;5;3;1;4;1
R664;1;3;2;2;1;2;5;3;5;1;2;3;2;4;2;5;4;3;3;4;2;1;2;1;2;4;5;5;4;4;3;3;1;4;1;4;2
R665;3;4;4;2;4;3;1;1;5;4;5;5;3;1;2;1;4;2;4;1;1;2;5;3;1;3;1;1;4;2;1;3;3;4;1;3;2
R666;1;1;1;5;3;5;2;2;3;2;1;3;1;3;3;5;4;3;1;2;1;5;4;3;4;4;3;3;4;3;3;2;5;5;3;2;5
R667;2;1;4;5;1;3;4;4;2;5;1;3;2;3;3;2;2;3;4;1;4;4;1;1;4;1;4;5;2;3;1;1;2;4;4;3;2
R668;2;5;2;3;4;1;3;5;4;3;5;1;4;5;1;5;3;3;3;5;1;2;2;4;2;3;4;4;3;2;1;1;5;5;4;4;1
R669;2;5;1;2;3;2;2;5;3;4;1;5;3;4;1;2;1;4;1;2;3;2;1;3;5;5;4;1;4;4;2;1;2;5;1;2;1
R670;1;3;4;1;2;1;1;4;5;1;3;3;5;1;5;4;3;5;4;4;2;1;2;1;4;2;3;5;5;3;3;3;3;4;2;1;5
R671;1;4;5;2;2;4;2;5;5;4;4;5;3;2;3;1;4;5;3;2;4;1;3;2;4;5;4;4;2;5;5;2;4;4;5;5;5
R672;2;3;3;3;1;3;3;5;2;4;1;3;1;1;2;5;5;4;3;4;3;4;4;3;4;4;5;1;1;1;5;1;1;4;5;2;2
R673;2;3;5;4;3;3;5;1;3;4;1;1;1;3;1;2;4;1;5;2;5;2;5;2;1;4;2;4;3;3;5;4;3;4;3;1;4
R674;3;4;5;1;1;1;2;1;2;2;1;3;5;4;2;4;1;2;1;4;5;4;1;1;4;2;4;1;3;3;1;3;4;4;1;5;5
R675;3;2;3;3;2;4;1;1;4;3;2;5;3;3;4;1;2;1;1;4;4;5;1;4;5;5;5;2;5;1;5;1;4;1;2;5;2
R676;5;4;2;3;4;1;2;1;1;4;1;5;3;1;1;5;3;4;1;5;2;4;1;1;3;5;3;3;1;4;2;4;1;5;2;2;3
R677;4;1;5;2;5;1;5;5;4;3;3;3;5;5;5;4;4;2;5;5;5;3;4;1;5;2;2;3;3;4;2;4;3;5;5;3;2
R678;5;3;5;2;3;4;2;3;3;3;2;3;4;1;3;5;5;2;4;5;1;1;4;1;5;1;2;4;2;5;5;3;3;1;4;2;5
R679;2;5;2;2;4;4;3;5;3;5;4;2;1;5;2;3;2;2;4;5;5;4;2;3;4;1;1;5;2;4;4;2;5;4;2;4;3
R680;1;1;2;3;1;3;3;2;1;4;4;1;2;5;3;3;1;4;3;5;1;2;2;1;1;5;4;1;2;3;4;5;1;2;4;1;5
R681;5;4;5;2;2;1;2;3;5;1;2;1;5;5;2;3;4;1;5;2;3;2;2;1;3;3;3;1;2;4;1;3;5;4;1;3;3
R682;5;5;2;3;2;2;2;3;4;4;4;3;2;3;5;5;3;3;4;2;5;1;1;2;4;5;3;3;2;3;5;2;2;2;4;2;5
R683;3;5;1;5;3;2;2;2;5;3;4;2;1;2;1;4;1;5;3;5;5;3;4;2;5;3;5;1;2;2;3;5;2;5;4;4;5
R684;2;5;1;3;4;3;1;4;5;2;4;5;3;1;2;4;3;1;2;5;4;3;4;3;4;5;4;2;3;3;3;1;2;4;3;3;5
R685;5;1;5;3;3;4;1;4;2;1;3;3;1;1;5;5;2;2;1;3;1;2;4;4;5;2;1;3;4;4;4;3;3;5;3;3;4
R686;4;5;2;2;1;4;4;4;1;2;5;3;5;5;3;5;4;5;3;4;2;4;3;1;4;3;2;2;3;3;4;5;1;4;2;5;1
R687;1;2;3;2;2;2;5;4;3;5;1;3;4;4;5;3;5;1;1;1;5;1;3;5;2;2;2;4;3;2;3;4;4;2;5;1;4
R688;5;1;3;3;1;5;5;5;4;1;3;4;1;4;5;4;4;2;4;2;5;2;5;5;3;5;5;1;1;2;3;2;2;3;4;1;4
R689;2;2;1;2;1;2;1;5;3;1;4;3;4;5;4;5;1;2;2;4;2;5;5;1;3;3;4;3;1;2;2;1;4;3;1;3;5
R690;2;3;2;4;4;4;3;1;4;4;5;3;4;1;4;5;3;4;1;3;5;4;5;4;1;3;5;2;1;2;5;4;5;3;2;4;1
R691;3;5;2;5;3;4;5;4;3;3;5;3;2;3;2;5;1;2;3;4;5;3;2;5;5;1;4;3;4;4;5;2;5;5;3;3;3
R692;1;3;3;2;4;3;5;1;2;3;5;2;1;1;5;2;4;4;5;3;4;2;4;3;2;1;1;1;4;4;5;1;5;5;4;2;2
R693;2;4;1;5;4;4;2;4;1;4;3;1;1;1;3;1;3;1;3;3;1;2;2;3;2;1;1;3;1;1;5;3;3;2;4;1;4
R694;1;1;2;4;3;1;1;5;4;1;2;1;2;2;3;2;2;5;1;3;2;3;4;5;2;4;2;2;2;3;5;5;2;5;1;4;3
R695;2;4;2;2;1;1;5;5;2;2;3;1;1;4;5;3;1;3;5;4;3;1;3;4;4;2;2;1;4;3;2;5;5;3;4;1;4
R696;1;5;2;2;1;1;4;5;2;1;5;1;3;4;3;2;3;3;5;3;1;1;2;5;5;2;3;1;4;3;5;1;4;5;4;2;5
R697;5;4;4;3;4;5;3;2;3;2;1;3;2;1;1;2;3;3;1;4;5;5;1;4;1;3;4;2;4;1;1;1;4;5;4;3;4
R698;3;2;2;5;1;2;5;1;2;3;3;2;2;2;3;4;3;4;2;4;2;1;5;4;3;2;5;4;1;4;3;2;3;2;4;4;1
R699;4;2;2;1;3;5;4;2;1;1;1;3;1;2;3;2;5;5;2;3;5;2;1;4;2;1;1;1;4;4;4;5;1;2;2;1;4
R700;4;4;1;1;2;1;4;2;4;2;3;5;2;5;5;4;5;1;5;4;4;3;1;1;1;4;2;4;4;1;2;4;1;5;4;2;1
R701;5;1;5;3;1;2;3;3;2;1;5;4;2;5;2;5;4;4;1;5;5;2;1;4;5;4;3;3;1;1;2;4;3;1;3;5;1
R702;3;4;2;3;4;1;3;1;3;4;3;3;2;2;5;3;1;3;3;2;5;5;3;3;2;1;5;5;1;1;4;4;1;4;2;3;1
R703;1;2;3;4;1;2;4;5;2;3;4;2;1;4;5;2;4;1;4;2;5;2;2;3;1;5;3;1;5;1;2;2;1;3;4;1;5
R704;1;1;2;5;5;4;1;2;2;2;1;1;2;5;1;3;4;1;1;4;5;4;4;5;1;1;5;1;1;3;5;5;5;2;5;3;5
R705;4;2;5;1;4;4;1;3;4;1;3;4;4;3;5;2;4;1;3;1;1;2;3;2;1;3;3;2;3;5;1;1;2;4;4;3;1
R706;5;2;5;5;3;4;5;2;5;2;1;3;2;3;3;1;1;1;5;1;3;2;5;3;2;3;2;4;3;5;3;1;1;3;1;3;3
R707;2;5;5;3;4;4;3;4;2;1;3;1;3;5;3;3;3;2;1;3;4;2;5;4;5;1;4;5;1;2;4;5;1;2;5;5;4
R708;4;5;3;3;5;4;2;2;4;2;3;3;2;2;4;4;5;1;3;3;5;3;2;4;1;5;1;4;3;3;5;3;1;1;5;1;1
R709;1;1;3;5;2;4;3;4;4;4;1;4;2;4;3;5;3;5;4;1;3;1;3;2;1;4;1;4;4;5;3;3;4;4;2;4;4
R710;1;3;5;1;1;3;1;4;4;2;3;4;4;5;2;2;1;1;2;3;3;5;4;2;4;1;4;1;5;5;1;4;3;4;2;5;1
R711;3;5;5;2;4;5;3;3;4;1;4;4;1;3;4;2;1;3;3;2;2;3;4;5;3;3;4;1;5;2;4;4;1;1;3;1;1
R712;1;2;3;3;1;5;3;5;2;2;2;3;3;1;3;3;3;4;4;4;2;4;5;4;5;4;5;5;2;3;3;4;3;3;1;2;1
R713;3;5;4;2;4;4;2;4;1;4;3;3;2;5;4;5;1;4;2;1;2;2;3;3;2;1;1;4;4;2;1;5;1;3;2;1;2
R714;4;2;4;1;1;2;4;1;5;5;5;4;3;3;5;1;3;3;4;2;5;3;3;5;3;4;2;2;2;2;5;1;4;1;4;5;1
R715;3;4;1;5;2;2;4;4;4;1;3;3;2;2;4;2;3;2;5;4;5;3;3;1;1;4;3;5;5;4;4;5;4;3;4;5;4
R716;5;4;5;3;4;2;2;1;2;1;5;1;2;3;4;1;2;1;3;5;2;4;5;2;4;2;3;5;1;1;1;1;4;2;4;5;4
R717;3;2;3;1;4;2;3;3;2;2;4;1;5;3;4;3;2;4;3;2;4;4;5;2;2;5;2;4;2;2;4;4;1;3;4;2;5
R718;5;5;3;3;3;1;1;3;5;5;4;2;4;4;4;5;3;1;1;1;1;3;1;4;5;1;4;2;3;1;1;3;3;4;3;1;5
R719;1;4;2;2;2;2;5;2;2;3;2;1;3;2;5;2;5;3;5;1;2;2;1;5;5;1;2;3;4;3;2;1;3;1;5;3;3
R720;3;1;2;3;2;2;4;1;2;5;4;4;5;1;1;2;3;2;4;3;5;2;2;5;4;1;5;3;4;4;3;1;4;3;1;5;5
R721;1;5;2;3;1;4;5;4;5;5;3;2;5;4;5;4;5;3;1;5;1;2;5;1;3;4;5;2;5;4;2;2;3;1;3;3;3
R722;2;5;2;1;2;4;1;3;1;1;4;2;5;3;3;4;2;4;5;3;3;4;1;3;2;2;1;5;2;2;4;3;3;3;4;5;3
R723;2;5;1;3;5;2;1;1;2;4;1;3;2;2;4;4;3;2;3;1;1;2;3;3;1;5;2;1;2;4;1;5;4;1;5;4;2
R724;3;4;1;3;4;3;4;4;1;4;4;1;3;2;5;3;2;4;4;5;5;4;4;3;2;4;4;5;3;3;5;2;4;3;5;1;3
R725;2;1;2;1;3;5;3;5;4;4;2;1;4;5;3;3;2;1;2;4;1;1;3;1;1;3;5;1;3;2;3;5;2;4;1;1;1
R726;4;4;4;5;5;1;2;1;1;5;2;5;3;4;1;4;1;4;3;3;4;4;3;5;2;2;1;5;1;5;2;2;4;3;3;3;3
R727;3;5;5;5;4;1;4;2;2;2;1;1;4;5;2;5;2;4;1;4;3;1;1;1;3;2;3;5;5;3;4;2;4;4;4;2;3
R728;2;4;3;1;2;2;2;3;2;5;3;4;3;4;5;2;5;4;1;4;2;4;1;2;2;3;5;5;4;2;4;2;2;2;1;3;3
R729;5;1;1;4;3;3;2;2;1;2;2;3;3;4;2;2;4;1;5;1;2;4;1;2;1;5;3;3;3;4;1;3;2;2;5;2;1
R730;3;1;5;5;4;4;1;2;1;2;1;3;4;4;3;3;2;3;5;3;2;2;3;3;2;3;2;5;2;5;4;1;3;3;3;5;1
R731;4;1;2;1;5;5;2;5;3;4;4;3;4;4;1;4;5;4;1;5;4;4;5;2;2;4;2;4;2;5;3;2;3;4;1;4;1
R732;2;4;1;2;3;1;2;4;2;1;4;1;5;4;2;5;5;1;5;1;4;5;2;3;2;5;4;3;3;4;3;2;1;1;3;4;4
R733;1;1;1;2;2;3;3;1;4;3;4;2;4;3;3;1;3;1;5;4;2;4;1;1;5;1;2;5;1;3;5;1;1;2;5;1;4
R734;3;1;5;2;1;2;2;5;1;4;1;4;5;5;5;5;4;4;3;5;1;2;5;2;1;1;5;4;1;1;2;2;2;5;3;1;5
R735;1;4;4;5;2;4;5;5;4;1;5;1;2;1;2;4;5;4;5;5;4;2;3;4;4;1;4;3;2;2;3;3;5;3;4;4;5
R736;4;5;5;5;3;1;1;1;1;3;2;1;4;3;1;2;3;5;4;1;5;5;2;1;4;5;5;1;2;5;4;2;3;4;3;3;2
R737;1;5;5;4;4;3;4;3;3;3;5;1;4;5;5;5;3;1;5;2;4;4;5;5;1;1;4;2;1;5;1;3;2;5;2;1;3
R738;3;1;2;2;1;3;5;3;1;2;1;5;3;2;5;1;3;5;5;1;5;1;3;5;1;4;5;3;5;3;3;5;2;3;4;2;3
R739;2;4;3;5;1;5;4;3;5;1;5;3;5;2;5;2;2;5;5;3;5;4;1;1;4;1;1;3;5;2;5;2;1;5;1;2;3
R740;5;3;5;1;4;2;3;2;4;4;2;5;5;4;5;1;3;2;1;3;1;3;2;4;4;5;3;2;5;3;2;3;2;1;1;3;1
R741;4;1;5;1;2;2;5;4;4;2;3;4;2;5;5;1;4;5;1;2;4;5;1;2;2;3;5;1;1;2;1;4;3;4;4;3;5
R742;4;4;2;5;3;1;1;5;1;2;5;4;5;2;3;1;5;2;3;3;4;1;1;2;3;3;3;4;1;1;4;4;2;2;2;2;1
R743;2;1;2;3;1;2;1;5;3;1;1;2;4;1;3;1;1;3;2;5;2;2;2;3;4;4;2;2;3;3;1;3;3;3;3;1;3
R744;3;2;1;5;3;5;2;2;2;4;2;2;3;5;5;1;4;1;3;2;5;5;5;3;5;3;5;3;4;4;2;5;5;3;2;5;5
R745;3;4;5;2;3;5;3;5;2;1;3;5;2;5;1;1;5;3;4;5;2;3;3;4;2;5;5;4;4;2;3;2;2;1;4;1;4
R746;3;2;1;1;2;5;2;3;3;4;1;5;3;3;5;4;5;1;2;5;5;2;1;3;4;3;3;3;5;3;4;1;5;2;1;3;1
R747;2;2;2;3;5;5;1;4;1;2;3;5;2;1;5;3;3;5;5;3;4;2;3;1;4;2;1;2;4;3;4;3;5;3;3;5;4
R748;5;5;1;3;3;1;1;5;1;3;4;4;2;1;1;3;2;1;4;3;1;5;5;5;2;5;5;3;2;2;4;5;1;1;4;4;5
R749;1;3;1;1;2;4;3;5;4;2;4;4;1;5;5;4;4;3;3;3;4;4;1;4;2;2;2;3;2;1;1;1;5;3;4;2;1
R750;2;3;2;2;1;5;4;3;4;5;5;4;2;1;3;3;5;1;5;5;5;1;4;2;5;1;5;4;1;1;4;1;5;4;3;1;2
R751;5;2;4;1;3;4;3;1;3;4;2;3;1;1;3;3;3;5;1;4;1;5;3;1;1;4;2;5;2;2;4;4;5;5;3;2;3
R752;4;3;3;2;4;2;2;2;2;1;3;1;3;5;2;5;3;5;2;3;4;3;3;4;5;3;5;1;1;4;2;5;2;3;4;3;1
R753;3;2;1;3;5;4;2;5;5;4;4;2;1;2;3;1;4;1;1;4;2;5;3;4;5;3;2;3;5;1;5;3;3;3;1;2;4
R754;3;4;3;1;2;3;3;2;5;5;4;5;5;3;4;5;1;3;4;5;1;4;2;4;2;5;4;1;5;5;5;2;1;5;4;5;5
R755;5;2;4;3;4;4;3;3;3;3;5;4;5;3;1;5;2;3;5;1;2;5;2;1;5;3;4;4;2;2;1;4;3;1;3;4;5
R756;4;1;2;1;4;5;3;5;1;1;3;4;4;3;2;3;3;2;2;3;4;5;2;1;2;5;1;5;2;4;4;3;5;3;1;3;2
R757;1;4;1;4;5;2;5;2;1;4;3;5;1;5;1;5;4;1;2;2;5;1;5;3;3;2;5;2;4;3;3;3;4;2;5;1;5
R758;2;3;4;4;4;2;3;2;3;2;3;4;2;5;2;2;1;4;2;4;3;5;1;2;1;4;2;5;4;5;4;2;1;5;1;3;3
R759;2;3;3;1;4;2;5;2;4;1;2;4;3;4;3;1;5;4;2;4;4;5;2;4;5;5;1;1;1;3;2;1;4;1;1;2;2
R760;4;1;4;5;2;1;3;5;1;1;3;1;2;1;4;4;1;1;4;1;2;4;2;4;3;1;2;3;2;1;3;4;2;5;1;5;1
R761;2;5;5;4;4;1;5;2;4;2;3;3;3;5;2;3;5;5;2;2;4;5;3;5;2;4;3;5;2;3;1;2;2;2;4;1;1
R762;5;5;5;2;5;4;5;2;3;5;4;4;4;1;5;2;1;4;2;1;3;3;5;3;1;3;4;4;1;1;2;3;1;2;5;3;4
R763;2;4;5;1;2;5;5;3;3;4;5;2;4;4;1;3;1;5;2;1;2;2;2;2;5;5;5;3;1;5;2;4;4;1;5;5;3
R764;4;3;3;4;1;1;2;1;5;3;3;2;5;3;5;3;2;5;1;3;2;4;4;4;3;2;2;2;1;1;4;3;3;5;5;5;5
R765;5;1;5;3;1;3;3;1;5;5;2;4;2;1;1;5;3;1;4;2;4;4;2;5;2;4;5;1;3;3;1;3;1;4;4;4;5
R766;5;5;4;3;5;1;2;4;5;2;4;3;1;3;1;3;4;3;1;2;2;1;1;3;4;2;1;2;3;5;2;5;2;5;1;5;3
R767;2;1;1;4;4;3;2;3;2;5;2;4;4;1;4;3;3;5;2;5;4;3;4;5;5;5;4;5;1;2;5;4;5;4;3;3;3
R768;1;5;3;1;5;5;1;2;5;5;2;3;3;3;5;4;1;5;1;2;3;2;2;1;1;2;2;1;2;2;3;3;2;1;2;2;3
R769;2;2;2;1;1;1;1;5;2;4;4;5;2;5;3;2;4;3;3;4;3;2;5;1;3;1;3;1;1;3;1;3;4;3;5;4;4
R770;1;5;4;4;3;1;3;3;5;2;3;3;1;5;3;3;4;1;4;1;4;2;1;1;4;4;2;1;1;1;4;1;2;4;5;1;5
R771;1;1;5;5;5;5;1;2;1;5;2;5;1;1;1;1;4;3;4;3;4;3;5;3;1;2;4;4;5;5;3;2;2;3;4;5;1
R772;4;4;4;1;1;2;2;2;2;2;1;1;2;5;5;1;2;5;5;2;5;2;2;1;2;4;5;2;1;2;1;4;4;1;4;5;4
R773;5;5;5;2;2;2;4;5;5;5;1;4;3;5;3;5;1;1;5;2;5;1;5;4;2;3;4;1;4;5;5;1;5;5;4;2;3
R774;5;5;3;5;5;3;5;4;4;5;5;2;3;1;5;2;3;4;2;2;4;2;3;4;2;4;3;1;5;2;5;3;4;4;5;3;3
R775;3;4;1;4;2;3;3;3;5;3;5;4;5;2;5;3;2;1;1;1;2;4;4;2;5;5;5;4;4;5;1;1;4;2;1;2;4
R776;3;4;1;3;5;4;5;4;4;1;3;1;5;4;2;2;1;5;2;2;4;4;3;2;1;1;4;5;3;1;2;5;4;3;1;2;5
R777;5;1;4;3;3;5;2;1;2;2;2;4;5;3;2;3;5;1;2;5;5;5;4;1;2;2;5;5;5;2;2;2;4;2;5;2;4
R778;2;3;2;2;4;3;5;3;5;2;3;5;3;1;1;5;4;4;5;2;1;4;1;4;4;1;5;4;5;4;4;5;4;4;3;4;5
R779;1;4;4;5;5;4;1;4;2;5;3;2;2;5;2;5;4;2;5;1;4;3;3;4;1;1;2;4;4;4;4;5;2;4;1;2;4
R780;5;1;4;5;1;1;2;2;2;5;5;5;2;3;4;3;5;1;3;3;1;3;5;5;2;5;3;5;2;3;2;4;3;5;5;2;3
R781;3;5;1;3;1;2;3;5;1;2;1;1;3;2;5;2;5;2;5;4;1;2;1;5;2;2;4;1;5;1;4;3;3;4;3;5;2
R782;1;4;4;1;1;4;5;5;3;2;1;4;2;5;3;3;3;1;2;4;3;2;3;3;1;1;2;4;3;2;5;3;3;1;3;3;3
R783;4;5;5;3;1;2;4;5;5;5;4;3;2;2;1;1;3;2;4;4;4;4;5;1;1;1;5;5;5;5;5;5;1;3;3;3;4
R784;1;4;2;1;5;3;5;1;4;5;3;5;3;5;3;1;2;4;3;4;2;1;2;3;5;3;5;3;3;1;3;5;5;4;3;1;4
R785;5;2;3;4;1;3;1;3;2;4;1;5;4;1;4;2;2;4;4;4;3;1;2;5;2;1;1;4;4;5;5;1;2;1;5;2;5
R786;2;1;5;2;1;3;2;5;5;4;2;4;4;4;3;2;4;1;1;1;5;4;5;2;3;2;2;1;4;3;2;4;4;2;5;5;4
R787;5;3;4;2;1;2;3;1;4;4;5;5;5;4;3;3;3;2;5;4;1;2;2;5;4;5;2;4;3;5;5;5;2;2;2;1;1
R788;4;5;4;2;5;1;5;3;3;3;1;1;2;3;1;4;4;4;4;4;2;2;3;1;3;3;3;1;4;1;1;3;2;1;1;5;5
R789;3;3;1;3;3;1;2;3;4;2;3;1;5;2;4;4;4;3;5;3;4;1;2;1;2;2;5;4;4;5;2;5;3;2;5;1;5
R790;4;4;4;4;5;4;5;3;3;4;4;1;4;1;4;2;5;2;3;5;5;2;5;3;4;5;1;1;3;5;2;4;3;1;5;1;3
R791;4;2;5;2;2;3;5;4;3;4;2;3;1;2;1;5;3;3;2;2;5;5;4;5;4;4;2;3;1;5;4;4;3;3;4;1;4
R792;3;1;5;2;3;2;5;5;3;2;5;1;5;1;2;4;2;5;3;5;2;3;2;3;4;4;5;5;1;3;5;2;1;1;4;1;3
R793;5;2;2;2;5;3;4;2;1;1;1;1;4;3;4;2;4;1;2;4;1;4;3;3;2;1;4;3;1;1;2;2;3;4;2;5;4
R794;2;3;3;3;5;5;5;4;5;1;3;5;2;2;1;1;1;4;4;2;3;5;1;2;5;1;5;4;1;2;1;5;1;4;1;3;1
R795;5;4;4;1;4;5;1;5;3;4;3;1;3;3;3;1;4;4;2;5;3;5;5;5;1;3;3;3;1;4;4;3;3;3;4;3;3
R796;5;1;1;2;2;4;2;4;4;2;4;4;2;3;1;3;1;3;5;4;4;5;1;5;2;2;2;2;3;4;5;3;2;3;2;2;2
R797;2;1;2;3;1;2;4;2;4;4;4;2;3;1;3;4;1;2;4;4;1;5;2;1;1;1;1;2;3;3;4;2;4;1;3;3;3
R798;2;2;1;5;5;2;3;5;3;3;2;4;2;4;2;5;4;3;3;4;3;2;2;2;1;2;1;4;5;2;5;3;1;5;5;3;2
R799;3;1;1;2;4;3;2;5;2;5;2;1;2;4;1;3;2;1;1;3;4;4;1;3;4;3;1;3;3;5;3;4;3;5;3;3;1
R800;1;2;5;4;2;3;2;2;2;1;5;2;2;3;1;2;1;5;5;5;5;1;2;3;4;5;3;5;3;2;5;4;1;1;1;4;2
R801;2;4;3;1;5;5;2;2;5;2;5;3;5;1;5;2;4;4;4;2;5;4;4;4;5;5;4;4;3;4;2;3;2;5;1;4;4
R802;5;1;3;4;1;3;2;1;4;5;4;5;5;2;2;4;2;4;1;1;5;3;5;2;1;4;5;2;1;3;2;1;4;5;1;1;2
R803;4;4;5;3;3;3;2;4;1;5;1;4;2;3;5;4;1;1;5;2;2;4;3;2;1;2;5;3;3;3;5;5;4;5;3;5;2
R804;4;5;5;5;1;4;3;4;1;3;1;5;3;2;4;2;2;1;2;4;2;3;5;5;5;5;3;3;3;3;3;3;2;3;4;1;5
R805;1;5;1;3;5;2;4;1;4;5;2;3;1;1;3;3;1;1;1;3;3;1;5;4;5;5;3;5;5;1;5;1;2;2;1;5;2
R806;2;2;1;2;3;5;2;2;2;5;4;1;3;4;2;2;4;1;3;4;5;5;1;4;5;2;1;3;5;4;2;2;5;5;1;3;4
R807;1;4;2;5;4;5;4;3;1;4;3;1;1;2;2;4;2;4;5;1;1;2;3;5;4;5;5;4;1;4;2;4;3;5;2;4;3
R808;3;3;5;1;3;4;3;5;4;2;1;2;2;1;3;2;3;5;5;4;4;1;2;3;5;2;5;5;4;3;4;1;2;3;4;2;5
R809;1;3;3;2;3;1;1;3;2;5;2;2;2;3;3;3;2;4;5;3;4;5;5;5;3;4;5;4;2;4;3;1;5;1;3;3;1
R810;2;4;2;3;4;1;1;2;5;3;5;3;4;1;3;5;4;2;5;5;2;4;2;5;1;1;1;4;5;2;1;3;3;3;4;1;2
R811;5;2;2;3;3;5;3;4;3;3;2;2;1;2;1;1;3;5;1;4;3;2;4;1;5;4;2;5;5;5;1;2;4;1;5;2;1
R812;1;2;2;1;5;4;2;4;5;2;2;2;3;4;5;2;2;4;3;4;1;4;5;1;2;5;5;1;2;1;1;1;5;2;4;1;4
R813;3;1;1;3;2;2;4;2;3;5;2;2;5;3;2;1;3;3;1;4;4;4;4;4;4;2;3;2;4;1;2;2;4;5;3;2;5
R814;2;1;4;2;4;3;2;1;4;5;5;1;3;1;4;4;1;3;4;3;3;5;3;4;1;4;2;4;2;3;2;2;3;3;4;1;2
R815;1;1;3;1;2;5;4;1;4;1;5;4;4;5;5;1;2;1;2;3;4;4;4;2;4;4;4;5;5;3;5;5;1;4;2;3;5
R816;2;1;5;5;2;5;4;3;2;5;2;2;2;3;2;4;4;3;2;1;4;1;4;4;4;2;3;4;5;2;3;3;3;5;3;4;4
R817;1;2;4;3;5;2;3;1;2;1;4;4;5;3;5;1;2;4;1;1;3;1;4;1;3;5;4;3;3;2;5;5;5;1;4;2;5
R818;4;1;4;4;1;4;2;4;5;5;3;4;1;2;1;4;2;3;3;1;3;4;1;1;2;2;2;5;2;2;3;2;5;4;2;1;4
R819;3;2;5;1;3;5;1;1;5;3;2;1;3;4;4;2;1;2;5;3;4;3;5;5;3;1;3;1;3;2;4;1;2;1;3;3;4
R820;2;3;2;4;1;4;4;3;3;5;5;3;5;3;2;5;2;4;4;4;2;2;1;2;1;5;2;2;5;5;2;5;3;1;4;3;5
R821;2;4;4;2;1;3;4;3;1;1;1;2;5;4;5;3;5;3;5;2;4;5;5;1;3;3;2;4;4;1;1;3;2;5;2;5;1
R822;1;1;3;1;3;5;4;1;4;1;5;5;5;1;3;5;5;5;2;3;5;3;5;1;4;3;4;5;1;3;5;5;5;2;3;1;2
R823;1;5;5;1;5;5;2;4;5;2;1;1;4;2;1;4;5;4;5;2;4;1;2;5;5;1;1;5;4;2;5;4;2;1;4;3;2
R824;5;4;5;3;1;4;3;3;1;3;2;4;5;1;5;4;2;4;1;5;5;4;4;1;2;5;1;2;1;4;1;2;5;1;2;1;3
R825;2;5;5;3;4;2;3;3;2;3;4;5;3;3;5;3;5;4;5;4;4;2;3;3;4;4;5;2;3;4;5;2;5;3;3;4;5
R826;1;4;2;4;5;1;3;2;5;2;1;4;1;4;2;5;5;3;3;5;5;5;3;4;1;1;3;5;1;5;2;4;1;2;2;5;3
R827;2;1;4;1;3;4;5;4;2;1;4;4;4;5;5;5;2;3;5;2;4;2;5;3;1;2;1;2;5;5;3;2;5;1;2;2;5
R828;2;3;1;2;3;1;3;1;2;3;3;3;1;3;1;5;5;2;2;3;3;1;4;3;5;3;4;3;1;1;5;5;2;4;2;5;5
R829;4;5;1;5;3;1;4;1;4;4;1;5;1;5;5;1;2;1;1;3;2;5;3;2;3;5;2;4;4;3;2;3;4;3;4;3;3
R830;2;5;4;3;1;4;4;5;2;4;2;3;5;5;3;5;5;3;1;5;2;1;4;1;4;1;5;1;5;4;4;2;2;4;3;2;5
R831;3;2;3;2;1;4;4;4;5;5;2;4;4;4;2;5;4;4;3;2;3;5;1;2;3;1;2;5;2;1;5;5;2;3;2;3;1
R832;2;3;3;4;2;1;4;3;1;4;5;2;3;1;1;1;3;5;5;1;3;5;2;4;5;1;4;3;3;1;5;2;1;3;2;2;3
R833;3;3;5;4;3;4;2;4;3;3;1;5;3;5;2;5;2;1;5;1;3;1;5;5;3;3;5;2;3;4;3;1;2;1;1;3;2
R834;5;5;2;5;3;1;2;2;2;5;2;4;4;5;5;3;2;5;2;2;3;5;5;5;1;4;5;2;1;3;4;4;1;2;5;4;3
R835;2;4;1;4;4;3;3;5;4;1;3;1;1;3;2;1;3;4;2;4;5;3;5;4;2;5;1;5;1;5;4;1;3;4;3;5;3
R836;4;1;4;2;1;4;3;5;2;4;4;3;5;2;1;2;4;1;3;2;1;4;5;4;1;5;2;1;3;2;3;5;2;1;3;2;4
R837;2;3;3;5;2;2;4;5;1;5;3;3;4;4;1;1;1;5;2;1;5;5;3;2;3;3;1;5;3;1;2;2;4;4;5;1;4
R838;5;3;4;4;1;3;4;4;2;3;1;5;2;2;3;1;3;2;4;2;4;1;5;2;5;3;4;2;3;3;2;1;4;1;5;4;5
R839;4;4;3;4;5;4;2;2;1;3;1;1;2;2;4;3;1;4;4;2;3;5;3;5;3;5;1;5;4;3;5;5;4;2;2;1;2
R840;4;5;1;5;3;4;2;5;2;4;5;5;1;5;2;3;5;2;3;5;4;4;5;2;2;3;4;2;5;1;1;3;2;2;5;5;2
R841;2;1;4;3;5;4;5;1;1;2;4;1;3;5;5;3;4;4;2;2;1;2;4;1;5;2;3;5;4;5;1;2;5;4;3;5;3
R842;2;3;3;1;2;2;5;3;4;1;1;1;2;3;4;5;1;5;3;2;5;5;4;2;4;2;1;3;4;3;2;2;4;3;5;5;4
R843;2;4;5;4;4;2;2;3;4;3;1;3;1;1;2;3;2;5;3;5;3;2;2;1;4;1;2;3;4;4;3;5;5;3;3;4;2
R844;4;2;5;4;4;4;2;5;1;3;1;5;3;2;1;5;2;1;4;1;3;1;3;2;2;4;5;1;5;5;3;5;4;2;3;4;1
R845;1;5;5;1;4;2;2;4;5;4;2;2;5;4;4;1;5;1;1;3;2;3;5;2;5;4;2;4;1;2;2;2;1;5;2;2;1
R846;3;1;1;3;1;1;1;3;5;3;5;1;2;5;1;2;5;4;5;1;5;1;5;1;1;3;5;1;2;1;1;5;2;5;2;2;3
R847;4;3;3;4;5;4;2;5;3;4;3;2;2;4;1;5;2;5;4;5;1;5;1;1;5;3;1;2;1;4;4;5;5;3;4;3;2
R848;4;4;5;3;5;5;3;3;1;3;3;1;2;4;2;3;1;1;2;2;3;2;4;1;2;4;5;2;2;4;1;5;2;3;1;3;4
R849;2;4;2;4;1;3;1;5;1;4;5;5;1;5;3;2;4;2;3;5;2;2;3;2;5;3;4;1;4;5;3;4;1;1;2;1;2
R850;5;2;3;5;1;1;2;4;3;5;4;1;2;5;4;4;1;5;2;5;1;5;2;5;4;3;2;2;4;3;3;1;2;3;4;5;3
R851;3;2;5;5;2;2;5;5;5;5;5;3;3;5;2;1;1;2;1;3;4;4;2;5;1;4;5;5;4;1;4;1;4;4;3;2;4
R852;2;2;1;3;5;5;3;3;5;3;1;1;2;1;4;1;2;5;3;5;2;2;5;3;3;4;2;2;5;3;2;2;5;2;2;1;5
R853;3;2;5;1;3;1;2;5;5;4;2;1;2;5;5;4;4;5;5;3;2;2;4;5;2;5;3;1;3;5;5;3;3;4;1;4;5
R854;2;3;2;3;1;3;5;2;4;1;3;1;4;1;2;5;1;4;3;1;1;5;1;5;4;4;5;4;3;3;5;4;5;4;5;3;2
R855;1;4;5;1;2;2;3;2;1;4;4;1;4;5;2;3;5;4;5;1;1;2;3;3;2;2;4;2;2;4;5;5;1;4;4;1;2
R856;2;5;5;3;5;3;3;2;5;3;1;2;4;1;3;4;3;1;4;2;2;1;1;5;3;5;3;4;3;5;2;2;3;4;3;5;2
R857;2;4;3;4;5;3;2;2;2;1;5;1;2;1;1;3;5;3;2;4;4;1;3;2;2;5;3;4;1;3;1;5;5;2;3;2;1
R858;5;4;2;2;3;2;4;3;5;1;5;5;3;3;4;4;2;4;3;5;5;4;4;4;3;3;3;2;2;1;4;3;3;1;2;5;1
R859;1;1;5;3;3;5;5;4;4;4;4;3;4;5;1;4;3;1;1;4;5;3;3;1;2;2;3;4;2;3;3;4;4;5;4;4;1
R860;5;4;5;2;3;1;3;3;4;1;5;2;2;4;2;3;3;3;1;4;5;1;4;3;2;5;5;5;4;3;2;4;4;2;2;5;5
R861;4;1;2;4;1;4;2;4;2;5;1;4;1;4;4;2;5;4;3;2;4;5;1;4;1;2;5;5;5;3;1;1;4;1;4;3;4
R862;3;4;3;2;5;2;1;1;4;1;5;2;5;5;3;1;5;4;1;2;4;3;5;2;2;4;3;1;2;2;5;5;1;1;1;1;3
R863;4;2;1;4;4;2;1;3;5;5;2;3;1;2;1;3;5;5;3;5;3;3;3;5;2;2;4;4;4;3;5;2;1;2;4;3;5
R864;5;1;5;1;1;2;4;3;2;4;4;3;1;1;1;3;2;4;5;5;5;4;2;3;2;5;3;3;4;1;2;2;2;1;5;2;5
R865;4;5;5;1;1;2;4;5;2;4;5;2;5;5;2;2;5;1;2;3;3;5;5;5;3;2;5;4;2;4;4;1;5;1;3;2;5
R866;1;2;4;3;3;1;4;2;5;1;3;1;2;3;1;2;4;2;4;1;1;3;3;2;3;4;2;5;1;1;3;5;4;1;5;2;5
R867;4;1;3;4;5;4;1;4;2;2;2;5;1;3;1;4;4;1;2;5;4;4;5;5;5;3;4;2;2;3;5;3;4;3;1;5;2
R868;4;3;5;1;2;5;2;1;5;5;3;5;1;2;2;5;5;4;2;1;3;2;3;1;3;3;2;3;5;2;2;5;4;2;3;3;2
R869;3;5;5;3;4;3;3;1;3;3;1;1;4;1;2;4;1;3;1;4;2;5;1;2;5;4;2;2;5;4;4;1;1;5;4;2;5
R870;2;5;1;3;2;1;5;2;2;4;3;2;4;2;5;3;4;2;1;4;1;2;2;3;1;1;5;4;3;4;3;1;1;5;1;4;1
R871;2;1;4;1;3;1;2;5;1;2;4;1;3;2;4;3;1;5;5;4;1;2;3;4;3;5;2;5;5;4;2;3;3;3;1;1;3
R872;2;5;3;5;5;1;4;5;2;4;1;4;5;5;3;3;3;4;1;3;5;4;3;3;5;5;4;4;4;1;1;5;4;5;2;4;4
R873;3;2;1;2;4;5;1;2;1;5;4;3;3;5;5;1;2;4;3;2;5;3;1;3;4;3;2;2;1;2;5;4;5;3;1;4;1
R874;5;4;3;2;4;3;1;5;4;3;4;1;2;4;4;5;4;5;3;2;5;2;2;2;5;1;1;4;4;4;2;3;4;5;5;3;4
R875;4;1;5;2;3;3;3;3;5;4;2;2;3;5;4;2;4;2;3;4;5;4;2;4;2;3;3;4;1;1;4;1;4;4;2;4;4
R876;1;2;5;5;4;4;1;5;4;2;5;5;4;3;5;1;5;3;2;4;4;3;4;2;3;2;4;1;2;3;4;2;1;1;1;2;4
R877;5;4;3;3;3;4;4;4;3;2;5;5;2;4;4;5;2;4;1;5;3;5;3;4;5;3;4;5;3;5;5;5;5;2;3;2;1
R878;3;5;2;5;5;3;5;1;4;5;1;3;3;1;1;5;1;1;3;1;4;3;5;2;4;2;1;5;5;5;5;4;1;4;1;3;3
R879;1;4;3;4;1;4;1;3;5;3;2;3;1;2;1;1;4;4;2;3;1;1;5;2;4;4;4;5;4;5;4;5;3;1;1;4;2
R880;1;3;3;4;4;3;5;5;2;1;2;2;2;3;3;4;3;2;3;1;1;1;1;2;3;4;4;3;2;5;5;5;1;5;3;2;5
R881;5;2;1;4;4;5;5;2;5;2;4;1;3;4;5;4;5;2;5;2;3;4;5;4;2;4;5;3;4;1;4;1;3;2;3;3;1
R882;3;5;2;3;3;4;4;4;3;2;5;3;4;1;3;1;5;5;5;2;5;1;5;1;3;3;4;2;3;5;3;3;2;4;4;1;3
R883;1;4;1;4;3;5;2;2;3;2;3;3;3;1;4;4;2;1;2;5;5;2;2;3;1;3;5;4;1;2;4;2;5;3;1;5;1
R884;3;1;5;2;4;3;1;3;3;4;4;4;5;3;2;3;1;4;4;4;4;5;1;1;2;3;3;3;4;5;2;4;4;2;5;4;4
R885;5;4;5;5;3;5;3;1;1;1;4;1;1;1;3;1;2;5;5;4;5;3;2;3;2;2;2;4;1;2;2;2;1;1;4;5;5
R886;1;2;4;4;2;2;2;5;2;1;4;4;3;5;4;2;2;5;2;1;5;5;5;5;4;4;5;2;3;1;2;2;2;5;1;3;3
R887;5;1;3;4;1;2;3;4;3;5;3;3;2;4;5;5;5;1;4;4;4;4;5;3;2;5;4;3;2;5;5;3;4;4;3;2;4
R888;1;2;5;3;5;5;3;1;4;2;5;3;1;2;1;5;5;4;3;2;1;2;3;5;2;3;1;1;3;3;4;5;1;3;3;4;3
R889;4;4;4;4;2;2;3;1;1;2;3;1;1;2;4;4;4;3;1;4;5;4;1;2;2;4;2;1;5;3;5;2;3;5;5;5;4
R890;1;2;2;3;1;5;1;2;3;2;4;5;2;4;2;4;4;1;5;5;1;5;5;1;3;3;1;2;5;5;2;1;1;1;1;5;4
R891;2;5;5;1;2;2;3;3;5;4;5;4;4;1;3;3;5;4;5;1;3;2;1;4;3;3;3;4;2;3;5;3;5;1;5;2;3
R892;3;5;1;4;3;5;5;2;4;4;4;4;2;2;1;2;1;5;3;1;1;4;1;2;4;3;5;4;5;4;1;5;3;4;5;5;2
R893;4;2;1;2;1;2;1;4;4;1;1;5;2;5;1;2;5;1;4;5;3;1;3;2;1;4;2;4;1;5;5;4;5;4;2;3;3
R894;5;1;2;5;4;2;3;4;1;1;4;3;3;2;5;2;3;1;5;4;4;1;1;4;3;5;2;4;4;2;3;2;5;2;1;1;1
R895;5;5;5;4;5;4;4;4;5;5;4;1;4;2;3;2;1;5;4;1;3;3;1;2;5;4;5;2;5;2;5;2;1;2;4;1;1
R896;5;2;5;5;1;1;5;5;4;2;1;4;4;2;3;5;5;3;1;3;1;5;5;1;1;4;1;1;1;2;3;5;1;2;2;2;4
R897;2;5;4;2;2;4;3;3;1;4;1;3;4;5;2;4;5;1;2;3;4;2;4;2;5;2;3;5;4;5;5;3;1;1;2;2;1
R898;4;1;5;4;1;5;4;5;1;1;2;3;2;5;4;4;1;4;4;5;3;3;2;1;3;1;4;4;4;3;4;5;2;3;1;1;2
R899;1;1;2;5;1;4;3;4;2;5;2;2;1;4;1;1;5;1;5;2;2;5;5;4;5;5;3;2;3;4;3;4;1;1;4;2;5
R900;1;5;1;1;3;5;5;5;3;5;2;5;5;4;1;5;1;3;1;1;3;4;4;2;5;5;4;2;4;5;2;3;5;1;4;5;2
R901;1;1;2;5;5;2;5;4;4;1;5;5;1;2;2;4;2;2;5;2;4;2;3;3;4;5;4;1;3;3;3;1;4;5;4;4;5
R902;4;3;2;4;2;4;1;4;3;3;5;5;2;4;1;4;1;2;3;4;5;4;2;4;3;4;4;1;4;5;1;5;5;4;2;1;2
R903;4;4;3;2;3;4;5;1;3;4;5;1;2;5;5;4;5;5;2;2;2;4;4;2;1;4;3;2;4;2;2;5;4;4;5;3;4
R904;3;2;1;3;4;1;4;5;1;2;1;2;2;4;2;4;1;3;2;4;1;2;1;5;1;4;4;3;5;3;5;2;3;4;4;3;1
R905;5;4;1;3;3;1;2;5;2;3;4;1;1;1;3;3;2;5;3;4;5;4;2;5;4;3;4;4;5;1;1;3;4;2;3;3;3
R906;4;2;5;3;2;2;3;2;3;1;1;4;4;5;2;1;1;4;3;1;4;3;2;2;4;2;4;3;3;5;3;1;2;5;1;1;1
R907;3;5;5;5;2;4;4;4;3;5;1;3;1;3;3;3;5;3;3;4;5;2;5;5;3;4;5;1;1;2;4;2;1;3;4;5;3
R908;3;3;4;2;2;3;5;5;4;1;2;2;2;5;3;5;3;1;1;3;5;5;3;2;1;3;2;3;5;5;5;2;1;4;4;3;2
R909;4;1;2;3;1;4;3;1;3;4;3;4;5;4;1;5;4;1;1;5;3;5;5;4;5;3;4;1;3;4;1;2;2;1;2;1;4
R910;2;5;5;4;4;2;5;4;5;1;3;2;3;3;4;1;5;4;3;3;1;2;5;1;1;2;3;1;4;3;1;5;1;2;2;2;5
R911;3;4;2;2;3;3;1;4;1;1;5;1;3;2;1;5;5;3;4;4;3;5;3;2;2;3;1;3;4;5;5;3;3;1;5;2;3
R912;3;4;5;5;1;2;2;4;2;5;4;3;3;3;2;4;2;1;1;2;5;4;5;4;1;4;1;1;4;5;1;2;3;3;3;2;3
R913;1;1;4;3;4;1;1;2;4;4;4;4;5;5;2;3;4;2;4;2;2;1;2;2;5;4;1;2;1;3;5;1;2;1;2;1;4
R914;4;4;5;5;2;1;4;3;2;1;3;4;3;5;4;1;2;2;5;5;5;3;1;1;3;2;3;2;5;4;3;4;5;1;3;5;1
R915;5;2;4;2;2;1;3;5;5;4;4;4;1;3;2;2;2;2;3;2;4;5;4;3;1;2;3;1;2;2;3;4;5;1;4;1;2
R916;3;2;1;5;5;1;1;3;5;4;3;1;5;2;4;3;5;3;1;2;4;3;1;5;1;2;5;3;5;4;2;3;3;3;1;2;3
R917;4;3;5;3;4;1;3;1;3;1;1;1;1;1;5;1;4;5;1;1;1;5;3;4;5;4;1;3;2;2;5;4;1;5;1;2;5
R918;3;3;4;1;4;4;5;5;1;3;4;4;1;5;3;4;2;4;4;2;3;5;3;5;4;4;5;1;3;5;5;5;1;3;1;2;5
R919;4;2;5;1;5;1;1;3;3;4;4;2;2;2;1;4;3;2;2;4;1;5;4;2;1;4;3;5;2;3;3;5;4;4;4;1;5
R920;1;4;5;2;5;3;2;1;1;3;1;2;5;1;1;3;4;4;3;1;3;1;1;3;1;4;2;1;1;4;2;5;1;2;3;4;4
R921;2;3;1;4;5;3;3;4;4;4;3;1;3;3;2;1;2;3;4;5;1;1;5;4;3;5;4;1;5;1;5;5;4;5;2;4;2
R922;2;3;4;2;3;4;3;4;4;5;5;2;4;1;2;1;2;4;4;1;5;2;5;5;4;4;4;4;4;5;4;1;1;1;1;2;4
R923;4;5;3;3;2;5;1;1;3;2;2;5;2;3;4;3;1;2;4;2;4;2;2;1;1;3;2;2;1;5;5;4;2;5;2;2;4
R924;1;2;1;2;2;3;4;5;1;2;2;2;5;3;1;2;2;2;1;2;3;2;1;1;2;5;4;1;1;2;2;4;3;3;3;2;1
R925;1;5;3;2;3;3;3;2;5;4;1;5;3;2;3;2;1;2;1;2;1;5;2;4;1;5;1;3;4;5;2;2;4;2;1;3;3
R926;5;1;3;2;1;2;2;4;3;4;5;1;5;4;1;3;3;5;1;5;4;2;5;5;5;1;1;2;4;3;1;5;5;3;5;1;3
R927;2;2;3;3;5;2;2;1;3;4;3;5;2;2;3;2;1;2;1;5;2;4;4;5;1;2;1;2;3;1;3;2;4;5;4;5;1
R928;5;5;4;3;1;3;1;5;4;5;2;3;4;1;2;1;4;2;4;2;1;1;1;2;5;4;3;2;3;1;3;3;1;5;5;4;4
R929;5;3;4;2;5;2;3;4;4;3;2;3;1;5;3;3;2;5;5;4;2;1;5;1;4;1;5;5;4;5;1;4;4;4;4;3;5
R930;5;1;2;5;2;2;5;4;2;3;4;5;2;4;4;4;2;4;5;2;3;5;4;4;5;1;4;4;4;1;2;2;3;5;2;3;4
R931;5;1;4;3;5;1;3;4;2;2;4;1;5;4;1;1;5;3;3;3;1;2;4;3;3;2;5;4;2;5;2;1;1;3;5;4;5
R932;5;3;4;1;4;5;3;4;5;1;2;5;5;3;1;4;2;4;5;2;5;1;5;2;4;2;1;2;2;4;3;5;5;2;4;2;5
R933;1;2;4;5;3;1;2;1;4;5;3;5;2;1;3;5;5;4;1;3;4;4;4;4;3;3;3;1;5;4;2;2;1;4;1;4;5
R934;2;1;4;5;5;1;5;1;4;5;4;4;3;3;2;5;2;4;2;5;5;4;5;2;3;5;5;5;5;2;1;5;2;5;1;2;4
R935;2;1;3;4;5;4;2;4;2;1;3;4;3;2;1;1;4;2;4;1;4;1;5;4;1;1;1;5;4;5;2;2;2;2;5;4;2
R936;3;1;1;4;5;4;4;5;2;3;2;3;5;1;3;5;1;5;3;3;3;3;4;5;5;1;2;1;1;1;3;4;1;2;3;2;1
R937;1;1;4;3;3;3;2;3;1;5;4;4;1;2;2;1;5;4;3;2;1;4;5;4;1;5;3;2;1;2;4;1;5;2;3;4;2
R938;1;5;4;5;2;1;2;5;3;1;4;3;4;4;3;2;4;1;4;1;4;3;5;3;2;4;5;2;3;4;4;5;5;3;1;5;5
R939;3;3;5;2;5;1;3;2;1;5;3;3;4;3;1;3;3;4;3;1;1;5;1;4;1;1;4;3;1;2;5;1;5;4;4;1;2
R940;2;2;5;3;3;4;3;2;2;5;5;2;4;5;3;3;3;3;1;5;4;4;5;3;4;4;4;4;2;5;3;1;4;4;4;3;5
R941;2;3;5;5;2;4;4;1;3;4;4;5;1;2;1;1;4;3;2;2;5;2;2;3;5;5;5;4;3;2;3;1;3;3;4;5;2
R942;2;5;2;5;1;4;2;2;1;4;3;4;4;1;1;2;3;2;5;5;4;2;4;3;5;5;4;2;4;5;3;3;5;2;5;5;2
R943;4;3;5;1;3;1;1;3;1;2;1;5;3;2;1;3;5;3;3;2;3;1;2;5;3;5;1;4;4;1;4;2;3;4;2;5;4
R944;3;4;4;2;2;1;4;1;4;4;2;1;2;1;1;3;1;5;5;1;3;5;2;3;3;3;5;5;1;3;4;1;5;4;4;2;3
R945;2;1;1;1;3;1;2;3;1;5;5;5;1;1;1;3;5;5;2;4;2;2;5;4;1;2;5;1;5;1;1;4;1;4;3;1;4
R946;1;2;1;1;2;5;2;2;5;5;1;5;2;2;4;4;5;1;4;4;3;2;3;5;2;3;4;3;4;5;4;1;1;1;5;2;3
R947;4;5;2;1;1;2;4;2;2;5;3;2;5;2;2;3;3;1;5;4;1;2;5;1;1;3;1;1;2;1;4;4;4;2;1;4;4
R948;3;4;5;2;4;2;1;3;2;2;4;1;1;3;2;5;3;3;4;3;2;5;1;4;1;1;2;3;4;3;3;1;1;4;2;4;5
R949;1;2;2;1;1;2;2;3;2;2;2;3;1;1;2;1;4;4;2;2;1;4;4;2;1;2;4;3;3;2;1;4;5;5;2;5;4
R950;4;1;5;4;1;2;2;5;1;2;4;5;3;1;5;3;5;2;5;2;5;1;3;1;1;1;4;3;1;3;3;1;5;5;3;5;3
R951;5;3;3;4;1;5;3;2;3;1;5;5;4;3;1;2;3;2;1;4;4;4;1;5;4;5;4;5;1;2;4;2;5;4;2;4;3
R952;4;2;3;1;2;5;5;3;1;1;1;3;5;3;1;1;5;5;4;1;1;4;3;4;4;2;4;4;1;3;5;1;4;3;2;3;2
R953;1;2;2;2;1;5;2;5;1;1;1;1;4;4;3;2;5;3;4;5;4;3;4;5;1;2;1;1;1;1;4;4;4;5;1;1;5
R954;4;3;4;3;1;4;2;3;1;5;5;4;5;2;2;3;3;5;5;1;1;1;1;3;4;2;2;2;5;1;2;4;2;2;1;2;3
R955;2;5;5;3;1;3;4;2;5;4;4;1;2;1;1;2;3;4;4;2;1;1;4;2;1;1;1;5;4;3;4;5;4;3;2;3;3
R956;4;3;3;1;3;3;2;1;1;5;5;1;2;2;2;1;2;3;3;4;1;1;3;1;2;3;3;2;3;2;5;4;1;3;4;1;1
R957;4;4;4;5;1;3;5;4;5;3;3;2;1;1;4;1;2;2;1;3;2;1;2;1;3;1;5;1;2;2;3;4;1;2;5;1;2
R958;1;1;1;4;5;3;5;2;2;3;1;1;2;5;2;2;3;2;3;4;5;3;5;3;2;1;4;5;1;4;3;2;3;3;3;1;5
R959;2;3;5;2;4;1;1;1;2;5;1;2;1;4;5;5;1;1;3;2;2;1;2;4;4;5;3;5;1;2;5;3;5;3;5;2;3
R960;3;2;4;4;5;2;3;2;2;1;4;3;5;1;1;1;3;1;5;2;3;1;4;1;5;2;3;5;4;2;3;2;4;3;5;2;3
R961;2;3;5;2;2;2;3;4;1;2;3;2;1;4;3;5;2;5;5;1;1;2;3;4;3;2;4;2;2;5;4;2;3;4;1;5;3
R962;1;2;4;5;4;2;5;5;5;2;2;4;3;4;5;1;4;2;2;3;5;3;2;2;4;4;3;2;5;4;3;3;3;2;3;2;1
R963;3;1;4;3;3;4;2;2;4;3;1;3;1;2;3;3;3;1;2;2;5;5;5;3;3;1;2;3;3;3;5;4;5;1;5;1;1
R964;2;2;2;4;2;3;2;3;1;2;5;2;5;2;5;4;1;3;4;5;3;2;3;5;3;4;3;1;4;3;1;3;3;4;1;5;4
R965;4;5;4;2;2;4;2;5;1;3;2;2;1;1;5;2;3;3;4;1;4;5;2;2;1;5;5;4;1;4;1;1;5;3;5;3;4
R966;5;5;4;5;4;5;2;5;5;2;4;2;1;4;1;2;5;5;1;5;3;5;4;5;5;3;3;5;2;3;3;2;1;4;5;1;1
R967;4;5;5;5;4;2;3;2;5;2;3;4;1;4;4;5;3;3;3;3;2;4;3;5;5;2;2;5;5;4;3;5;2;5;4;3;5
R968;2;3;4;2;2;4;3;2;5;1;3;1;1;2;1;5;1;1;2;5;5;4;3;1;2;2;5;1;4;3;3;2;2;3;1;5;2
R969;4;5;1;1;3;5;2;3;2;2;4;2;3;1;4;3;3;1;4;2;1;3;3;4;1;4;3;4;5;5;3;4;1;3;5;3;1
R970;3;5;2;1;4;3;5;5;1;4;5;5;4;2;2;4;5;1;1;5;3;5;3;4;1;1;3;3;1;5;5;3;5;3;3;3;1
R971;2;4;5;4;3;2;1;4;2;1;5;1;5;2;3;5;4;3;3;5;3;4;3;1;2;4;3;3;2;4;4;5;5;2;2;3;4
R972;3;5;1;1;1;1;5;4;2;3;3;3;5;1;1;3;2;5;1;2;4;2;1;4;5;5;1;1;5;5;4;5;5;2;5;3;1
R973;3;5;3;1;4;3;1;3;2;5;2;3;5;3;2;1;5;5;1;1;1;2;3;3;3;4;2;5;3;5;4;2;5;5;2;3;2
R974;3;5;5;3;5;4;4;1;3;4;1;2;1;2;1;5;5;3;3;1;4;3;2;1;1;2;2;5;2;1;5;3;1;1;5;4;5
R975;5;1;2;2;2;4;3;5;4;3;4;5;2;4;1;3;5;2;5;5;4;1;2;1;2;1;1;1;3;3;2;2;1;2;3;4;5
R976;3;5;3;2;1;1;5;3;3;1;4;4;1;2;5;5;2;4;5;1;1;5;2;4;3;1;3;1;5;2;3;4;5;5;5;4;5
R977;4;2;3;5;1;1;1;4;1;1;4;3;3;4;2;1;4;3;3;5;4;4;5;3;1;5;4;4;3;5;1;3;1;5;1;3;5
R978;4;1;1;2;2;1;1;5;1;1;3;3;2;1;1;5;4;3;1;2;5;5;2;5;1;2;3;2;5;5;2;1;5;5;1;2;4
R979;5;5;4;5;1;2;2;1;1;1;3;1;1;5;2;1;2;3;1;4;4;4;3;1;2;4;3;1;2;3;1;2;5;4;1;3;3
R980;5;3;2;5;1;1;4;4;3;4;3;5;3;4;2;3;4;1;1;4;2;5;5;1;4;3;3;4;1;1;1;2;4;1;5;1;4
R981;3;4;4;5;5;5;1;2;3;4;2;4;5;2;3;5;3;3;2;2;5;2;1;3;2;5;1;2;5;1;5;2;2;2;3;2;2
R982;4;4;3;5;5;1;5;3;4;5;1;3;1;4;5;3;3;1;4;4;2;4;4;2;5;2;4;2;4;3;1;4;4;5;2;3;1
R983;1;2;4;3;5;3;1;3;1;1;3;5;1;3;2;3;1;4;2;1;5;5;3;5;1;2;5;4;4;2;3;5;3;2;4;4;1
R984;1;3;2;1;3;1;5;3;2;4;5;3;1;2;3;3;2;5;5;3;2;1;5;1;4;3;5;5;5;5;2;3;2;5;4;1;4
R985;3;4;3;5;2;1;4;5;4;5;4;1;4;4;3;1;5;2;4;5;2;4;3;4;5;4;5;1;5;5;2;2;2;2;4;5;1
R986;3;2;5;5;1;2;2;3;1;5;3;3;1;5;3;1;5;1;2;5;3;4;4;3;2;2;2;4;2;4;3;3;2;1;3;2;3
R987;2;4;1;4;2;2;5;5;5;2;2;3;1;4;1;2;3;3;1;4;1;5;4;2;5;3;1;5;1;5;1;1;2;3;5;3;1
R988;5;3;2;1;5;1;2;5;2;1;1;5;1;1;1;2;3;3;2;3;5;3;2;5;4;5;4;5;3;3;4;1;4;4;5;1;5
R989;2;2;3;2;5;5;3;3;4;5;1;5;3;1;4;3;3;3;5;5;4;2;4;4;2;1;4;3;5;4;4;3;2;2;5;2;4
R990;2;5;5;4;3;5;3;5;3;4;3;4;3;4;2;4;1;3;3;5;5;2;4;4;5;3;2;2;4;2;5;3;5;1;1;1;2
R991;2;2;2;5;4;3;4;3;2;1;4;2;5;5;1;5;4;5;3;5;1;1;3;4;5;5;3;2;4;5;3;4;5;1;4;2;2
R992;2;4;4;4;1;4;1;5;3;5;2;1;2;2;5;2;1;3;3;1;3;1;1;2;3;5;4;2;5;3;5;4;5;5;2;4;3
R993;5;4;1;1;3;5;1;3;4;4;1;4;3;2;5;5;3;1;5;3;5;3;5;1;5;3;2;4;3;3;4;4;3;4;4;3;5
R994;3;1;1;5;3;2;5;3;3;5;5;2;2;3;4;4;4;5;1;5;1;3;5;2;1;1;2;4;5;3;2;5;2;4;4;3;4
R995;5;5;2;3;1;1;4;5;1;4;1;3;3;4;1;5;4;2;1;2;5;1;5;2;4;1;1;1;2;1;5;1;1;3;3;3;2
R996;5;2;4;2;4;2;2;1;1;4;2;5;1;2;5;1;4;2;5;1;4;2;3;1;1;3;2;2;4;5;4;4;4;4;2;1;2
R997;4;1;1;5;1;3;2;5;3;5;3;4;5;5;5;3;2;3;3;4;2;3;4;2;5;4;1;1;4;2;5;2;5;2;5;5;4
R998;3;2;2;3;3;2;2;1;3;3;5;3;1;5;5;5;4;3;2;1;1;4;4;3;3;5;3;4;5;3;1;4;3;2;5;1;1
R999;1;5;5;5;2;2;4;3;4;3;3;5;3;5;1;2;2;1;2;4;3;3;5;4;5;1;4;4;2;4;2;4;3;4;2;2;3
R1000;5;1;4;2;3;4;5;1;1;5;1;4;3;2;5;5;5;5;3;4;3;3;1;2;5;2;3;5;5;5;1;3;2;2;2;4;1
R1001;1;3;1;5;2;3;1;5;5;3;3;4;1;3;2;1;5;5;4;1;4;2;4;5;2;3;3;2;2;2;4;5;3;3;5;5;5
R1002;4;1;2;3;4;3;1;2;5;5;1;4;3;4;4;3;1;2;1;1;5;2;1;5;1;5;2;5;5;3;2;4;2;3;5;3;2
R1003;3;4;3;4;3;2;4;1;3;1;4;4;1;3;3;5;3;2;4;4;1;3;4;4;3;3;1;2;3;2;5;2;3;4;5;4;1
R1004;3;1;1;5;2;3;1;5;4;3;3;4;5;2;3;4;3;4;2;3;4;1;3;3;2;3;4;4;5;4;5;3;5;3;5;3;2
R1005;2;3;5;5;5;3;1;3;2;3;1;4;1;5;1;5;4;4;1;2;1;4;5;1;4;1;1;1;5;4;3;1;3;2;3;1;1
R1006;4;5;3;3;3;3;2;4;3;1;4;5;4;2;1;1;4;2;4;3;4;5;5;1;2;3;1;2;1;5;1;2;4;1;2;3;1
R1007;3;3;5;1;1;5;5;5;5;1;1;3;3;3;5;2;1;3;1;2;4;4;1;4;4;4;1;2;1;5;4;4;4;1;3;2;5
R1008;2;5;4;5;1;4;1;5;4;2;5;4;4;1;2;2;4;5;2;5;3;3;1;2;4;3;2;5;5;2;3;4;1;5;4;1;5
R1009;5;2;2;1;5;5;5;3;5;5;1;3;3;3;1;3;5;4;1;1;2;5;2;5;2;4;2;2;1;3;1;2;4;1;3;4;1
R1010;5;2;3;4;2;1;1;3;5;1;3;3;2;3;3;1;1;3;1;5;5;1;4;5;3;2;1;4;4;2;5;2;5;5;4;1;5
R1011;3;4;2;1;4;4;5;2;1;4;4;1;5;4;3;4;4;2;1;5;5;5;4;2;3;5;1;5;4;3;5;1;2;1;3;4;3
R1012;4;3;2;2;1;1;5;5;2;4;5;5;5;4;1;4;5;3;1;4;3;5;3;1;2;1;5;2;2;1;1;2;3;4;2;1;5
R1013;3;5;4;3;5;4;5;1;4;3;3;2;1;4;1;2;1;2;5;2;2;2;2;1;4;4;3;3;3;5;4;4;5;1;1;4;3
R1014;5;4;4;5;3;4;5;2;3;5;4;5;2;2;2;4;5;5;5;3;4;2;5;5;3;3;4;5;1;2;4;5;1;3;1;1;5
R1015;5;4;5;5;2;1;2;2;5;2;5;4;1;4;4;2;3;4;4;2;1;4;1;2;3;2;5;2;3;4;3;4;5;3;1;4;3
R1016;1;2;3;5;4;3;1;1;2;4;4;5;5;5;5;5;4;4;2;5;5;3;1;1;2;1;2;5;4;3;2;5;4;3;3;5;4
R1017;5;5;1;3;3;1;1;1;3;3;4;1;5;5;1;5;5;5;4;5;1;1;5;3;1;1;2;2;5;3;3;1;3;1;4;4;3
R1018;2;2;4;5;4;4;4;3;3;1;1;1;4;5;1;4;1;5;2;5;4;3;1;2;4;5;1;2;4;4;4;3;5;2;1;3;5
R1019;3;3;4;5;4;5;2;5;4;5;1;5;1;5;5;3;4;5;4;3;2;5;4;3;5;2;4;5;2;3;5;3;4;3;3;5;3
R1020;4;4;3;3;3;3;1;3;5;4;4;2;3;2;5;5;3;3;4;2;2;5;2;3;5;1;3;2;3;2;4;2;1;3;1;2;4
R1021;5;1;2;2;5;1;5;4;2;1;4;2;1;4;2;3;3;1;2;3;2;3;3;2;2;1;4;1;4;1;1;3;5;3;3;3;2
R1022;2;5;2;2;1;5;1;4;1;1;3;4;5;3;3;5;3;2;2;3;4;3;1;3;1;3;3;4;4;1;1;2;1;3;1;3;4
R1023;5;3;3;2;2;2;1;1;4;3;5;4;5;4;5;5;4;5;4;1;3;1;4;2;2;2;2;3;5;2;4;2;2;1;2;3;3
R1024;1;3;3;5;3;3;3;4;2;2;3;1;5;5;1;4;2;1;5;5;3;4;5;5;1;4;2;5;2;2;1;1;4;3;2;2;3
R1025;2;2;4;3;1;4;3;2;3;4;2;2;3;2;3;4;3;3;2;5;5;1;3;3;2;2;2;3;4;3;2;2;2;4;3;2;1
R1026;2;5;5;2;4;2;3;5;4;4;5;5;3;3;2;2;4;5;2;3;1;1;5;5;2;3;3;1;2;2;5;5;3;5;2;4;3
R1027;5;2;4;4;2;1;4;5;3;5;1;5;4;4;5;4;2;3;1;5;3;1;4;2;5;1;5;4;5;3;1;2;3;1;2;2;3
R1028;2;5;4;5;1;2;3;3;2;4;1;1;3;3;3;4;2;2;2;1;3;1;1;1;3;5;3;5;1;5;4;3;1;2;3;1;3
R1029;1;4;3;1;3;5;3;4;2;3;1;2;3;4;3;5;3;5;1;1;2;1;5;3;5;2;3;1;2;3;4;2;1;3;2;1;4
R1030;2;1;3;1;1;1;4;5;5;3;4;3;2;3;1;3;4;2;1;2;1;3;2;4;4;2;1;5;5;2;5;1;2;4;4;3;5
R1031;2;1;4;4;4;2;4;3;3;3;2;4;1;3;3;1;5;1;2;3;2;3;5;3;4;5;2;1;2;2;5;5;5;4;4;4;2
R1032;5;5;2;5;2;1;2;4;2;4;3;2;5;3;5;2;2;4;2;5;2;4;1;4;2;1;5;4;1;3;2;3;4;2;3;3;4
R1033;1;5;5;5;2;1;1;1;1;2;4;4;2;4;5;2;2;3;1;4;5;4;5;5;1;4;4;2;2;2;1;4;1;5;2;4;1
R1034;2;3;5;5;2;2;3;5;3;1;5;4;4;2;1;4;2;4;2;2;4;1;1;3;2;2;5;3;1;4;2;3;5;4;4;2;1
R1035;3;1;4;5;1;5;4;2;4;5;3;3;5;3;2;3;3;2;1;3;4;3;3;5;5;2;2;1;4;3;2;2;3;1;1;3;5
R1036;1;4;5;1;5;1;1;2;2;5;3;3;4;1;4;2;2;2;2;1;4;3;5;1;4;4;1;1;5;5;1;1;3;2;4;4;4
R1037;1;4;3;4;1;4;4;2;1;1;5;3;3;2;5;3;2;5;1;5;5;5;3;2;5;4;3;2;1;2;2;1;2;1;1;1;2
R1038;5;5;2;4;2;3;3;5;3;4;5;5;3;5;5;4;5;3;5;5;3;5;3;2;5;3;5;4;2;4;2;5;5;3;3;2;2
R1039;1;1;4;5;5;5;4;4;1;5;4;1;4;4;2;2;4;4;5;5;1;1;5;4;3;2;5;5;1;2;5;5;2;3;2;3;1
R1040;3;2;3;1;5;1;1;1;5;2;4;3;5;2;4;3;5;2;3;2;4;1;3;3;5;1;1;5;5;2;3;5;5;3;2;3;4
R1041;5;2;1;2;1;3;5;4;1;4;3;1;4;4;5;1;2;2;4;5;4;5;4;5;1;5;2;2;4;3;2;4;5;3;5;1;2
R1042;5;2;3;4;1;1;3;1;5;2;5;4;3;5;1;2;2;3;1;1;4;3;2;4;1;4;5;2;5;2;4;3;3;4;3;2;5
R1043;3;3;5;3;3;3;3;4;4;2;1;2;3;2;1;5;2;4;4;5;5;4;1;3;4;2;1;3;2;4;2;4;3;5;1;3;5
R1044;1;2;4;4;5;5;4;2;5;4;4;3;5;1;1;5;2;3;2;5;1;2;3;2;5;1;5;4;4;2;1;5;1;5;4;3;2
R1045;3;2;1;1;4;5;4;2;4;1;1;5;3;3;5;5;1;3;1;1;5;4;3;5;2;1;3;4;5;5;4;3;1;5;1;3;5
R1046;2;3;4;5;5;3;5;1;3;4;5;3;3;2;2;5;4;4;1;4;3;3;3;3;4;2;4;1;5;3;5;3;4;2;1;4;5
R1047;5;5;1;1;4;2;2;1;5;3;1;3;2;2;1;2;5;3;2;2;3;3;5;4;1;1;3;3;4;5;3;5;3;1;3;3;3
R1048;2;4;4;1;1;5;5;5;1;3;2;5;1;5;4;2;5;1;1;3;4;3;3;5;2;4;4;1;3;3;4;4;4;5;3;5;3
R1049;4;3;3;2;5;5;5;2;5;2;2;2;4;5;2;3;4;2;5;2;3;4;5;3;4;2;4;1;2;4;5;4;3;3;1;1;4
R1050;3;4;4;4;5;5;1;5;3;3;4;5;3;1;5;4;5;2;4;5;4;3;1;5;5;2;3;3;1;5;4;1;4;2;3;3;5
R1051;1;5;1;1;4;2;2;5;5;1;4;5;4;5;5;1;3;1;4;4;4;3;3;1;4;5;3;2;2;1;4;3;2;5;5;3;4
R1052;3;3;3;3;1;4;3;5;1;3;1;4;2;3;5;1;4;2;1;5;4;4;5;1;4;5;2;4;1;5;5;1;5;1;4;5;5
R1053;4;5;5;1;3;1;5;4;1;2;5;5;5;4;2;1;4;4;3;2;1;4;2;2;3;4;2;1;4;1;1;5;4;5;3;4;2
R1054;2;5;3;1;3;2;2;1;5;4;3;4;2;3;3;4;4;2;4;1;1;5;1;1;4;4;3;3;3;5;3;5;3;2;5;1;2
R1055;4;1;3;2;3;3;2;1;3;4;1;2;1;1;3;2;3;3;2;2;4;3;1;2;5;1;1;4;1;3;4;1;1;1;4;3;2
R1056;3;4;1;2;4;1;1;1;4;1;5;4;5;3;1;3;4;5;1;3;2;4;3;4;5;4;1;5;3;5;3;2;4;2;4;3;5
R1057;5;2;4;2;4;2;4;2;2;1;1;3;4;4;2;5;3;2;4;1;3;5;1;5;1;1;1;5;1;4;5;4;2;2;5;2;3
R1058;3;4;5;3;1;3;4;5;2;5;5;5;2;3;5;5;4;2;3;4;5;1;4;1;3;2;1;5;5;1;4;1;4;2;3;2;2
R1059;2;5;2;5;1;3;5;5;4;4;4;5;5;3;5;2;3;5;1;2;4;3;1;1;3;1;1;5;4;1;1;1;4;1;4;4;3
R1060;2;5;5;4;1;3;5;2;3;4;5;3;5;4;5;4;5;2;5;2;3;5;3;2;2;3;3;4;3;2;1;1;5;2;3;5;2
R1061;1;3;3;4;3;5;1;5;1;4;1;3;1;3;3;4;5;3;1;2;1;3;2;3;4;5;5;1;4;4;5;4;3;4;3;5;5
R1062;4;2;2;3;2;1;4;4;1;3;4;1;1;1;1;5;5;3;1;4;4;2;3;1;4;1;4;4;1;1;4;2;3;2;5;1;2
R1063;3;2;4;3;4;5;1;1;2;2;5;4;4;5;2;2;4;5;1;3;2;2;4;1;1;4;1;4;5;4;2;1;1;1;5;1;5
R1064;2;1;3;1;2;5;4;3;1;5;5;3;5;1;5;2;1;3;2;4;2;5;2;3;1;1;2;4;5;1;1;1;4;4;1;1;3
R1065;2;4;2;5;5;3;5;1;5;5;2;1;1;3;3;1;4;4;4;5;2;2;1;5;3;4;3;1;3;5;5;3;2;5;4;1;2
R1066;4;2;4;3;2;2;5;1;2;2;3;1;5;5;4;2;3;4;5;3;4;5;3;5;1;1;2;1;4;2;4;4;5;1;4;4;1
R1067;1;2;4;3;5;4;1;5;2;5;2;3;4;4;5;5;5;3;3;3;4;4;3;2;1;3;2;5;5;4;3;3;5;2;2;1;5
R1068;2;2;3;3;4;2;3;4;3;5;2;1;3;1;1;5;2;1;4;2;2;3;3;2;5;5;1;2;5;1;1;1;4;5;4;1;5
R1069;2;1;3;1;1;4;5;2;2;1;2;5;3;4;5;4;2;4;1;1;2;3;2;3;1;2;5;1;1;4;4;5;4;4;2;5;3
R1070;4;3;1;5;3;4;4;1;2;3;2;1;2;1;3;3;5;3;4;3;5;5;3;3;2;4;1;5;2;5;5;5;5;3;1;5;5
R1071;4;5;3;5;5;1;3;5;2;5;2;1;5;1;2;4;5;3;5;3;5;5;2;3;4;1;5;4;4;5;5;5;1;4;5;1;5
R1072;1;1;4;3;2;1;2;4;1;5;5;4;1;4;3;2;2;1;4;4;4;3;1;5;2;1;5;5;3;5;4;5;2;2;5;2;3
R1073;3;1;5;1;5;2;3;3;2;1;2;5;3;5;2;4;4;1;1;2;4;5;2;1;3;4;5;2;1;2;4;5;3;5;1;3;4
R1074;2;3;4;2;2;2;2;5;2;1;2;1;4;5;3;3;1;2;5;1;1;4;1;1;1;5;4;5;5;1;4;5;2;1;1;1;1
R1075;4;5;4;3;3;3;4;5;2;4;3;5;2;2;3;3;5;3;1;1;1;3;5;3;4;3;3;4;3;1;2;2;4;5;5;2;1
R1076;5;3;4;3;4;2;1;1;3;4;3;1;2;2;1;4;2;2;2;5;2;3;1;5;4;1;4;1;1;5;5;5;3;3;2;4;2
R1077;5;3;2;5;5;4;3;4;3;2;5;5;3;1;5;5;3;3;1;4;2;4;2;3;2;5;5;4;3;2;5;5;1;5;4;1;4
R1078;2;4;1;1;4;2;5;1;3;1;3;2;5;4;2;3;4;2;2;4;3;1;3;3;3;2;2;2;3;5;2;2;2;5;3;2;2
R1079;3;5;4;2;1;1;4;5;4;4;5;1;3;1;1;4;2;4;5;1;4;5;1;2;4;4;1;3;3;1;3;2;3;4;4;4;4
R1080;5;4;1;3;4;4;1;3;4;1;2;1;5;2;4;2;2;2;1;5;3;1;3;5;2;3;5;5;4;4;4;4;5;2;2;1;2
R1081;5;2;4;2;2;4;2;1;2;3;5;3;2;5;1;1;1;1;2;3;4;2;3;2;5;4;1;5;2;2;3;5;1;2;4;5;5
R1082;1;1;4;3;5;5;2;4;3;4;4;2;1;1;3;5;5;3;2;2;2;2;4;2;3;2;4;2;5;3;2;3;1;1;1;2;1
R1083;3;3;4;4;2;3;5;3;1;4;5;2;4;4;5;5;5;2;4;5;1;4;3;2;2;1;4;3;5;1;4;2;4;1;1;3;4
R1084;3;1;3;4;2;2;4;4;5;4;4;4;1;3;5;1;3;2;4;1;1;5;4;5;4;4;2;1;4;5;5;3;2;5;2;5;4
R1085;5;3;5;3;4;4;5;4;3;1;1;4;4;2;1;5;1;3;4;1;1;4;2;3;3;2;2;2;2;4;4;5;4;4;4;2;1
R1086;5;2;3;2;3;4;4;2;3;4;1;2;3;2;4;4;5;1;5;4;1;2;4;4;2;2;2;4;2;3;5;2;5;3;2;3;1
R1087;4;1;2;5;5;2;1;2;1;1;2;4;1;1;5;1;4;4;2;4;3;5;1;4;5;2;1;5;1;3;2;1;2;5;5;4;5
R1088;4;3;1;2;5;2;5;4;1;1;1;2;3;3;5;4;4;4;1;1;4;2;3;2;2;1;5;2;1;4;5;1;3;3;5;2;1
R1089;1;2;4;5;3;3;4;1;1;4;3;1;1;4;4;1;3;4;5;3;3;4;1;1;3;5;3;4;2;5;4;2;4;1;1;2;4
R1090;1;3;5;3;4;2;1;2;5;4;4;3;1;4;2;3;5;2;2;1;1;4;1;1;2;3;3;1;4;1;1;5;2;2;5;1;3
R1091;5;5;5;1;2;4;2;4;3;1;2;4;4;4;3;2;3;4;4;5;5;3;3;4;5;5;5;4;3;1;5;1;2;5;1;4;2
R1092;3;3;3;4;4;5;4;3;5;2;4;3;5;4;4;1;1;3;5;1;4;2;2;4;5;1;5;1;4;1;4;4;5;5;5;2;3
R1093;2;1;5;4;1;1;4;1;4;5;2;3;1;5;4;2;5;2;4;2;3;5;3;1;2;2;4;5;5;5;2;3;3;2;4;3;5
R1094;5;5;1;1;5;1;5;2;4;3;1;1;2;4;4;2;1;4;3;2;1;5;2;5;3;2;5;1;1;2;2;3;3;1;4;2;2
R1095;3;1;1;1;3;4;2;4;4;3;3;5;4;4;3;1;2;5;1;3;1;2;3;1;2;5;4;4;5;3;3;3;3;3;1;4;5
R1096;3;5;4;3;1;1;5;4;2;4;5;1;5;4;5;5;4;2;3;5;1;2;4;5;3;3;1;5;2;3;3;2;3;1;2;3;3
R1097;4;4;3;4;5;5;1;4;3;2;5;4;4;4;3;2;2;1;4;2;3;3;5;3;2;2;3;3;4;1;5;3;5;5;1;1;3
R1098;5;3;4;5;4;4;5;5;3;2;3;1;4;1;4;5;3;1;3;1;5;4;5;3;1;2;4;2;4;5;3;2;5;3;2;1;2
R1099;5;4;4;3;1;4;5;1;4;2;4;4;2;5;5;5;4;4;5;1;4;3;1;5;1;1;5;5;4;1;2;2;2;4;3;1;5
R1100;1;2;1;4;4;2;5;4;1;2;3;1;2;3;5;1;5;5;3;3;4;5;5;2;3;3;5;4;3;4;3;4;4;4;4;3;2
R1101;5;3;2;4;3;1;1;1;5;3;3;1;3;2;4;3;4;2;5;2;5;3;5;5;2;3;1;2;1;1;2;5;2;1;4;4;3
R1102;1;1;1;2;4;1;1;5;1;1;4;4;1;1;1;2;1;4;4;5;5;3;5;3;2;5;5;4;4;2;3;4;2;4;1;4;3
R1103;2;5;2;5;3;2;1;1;2;2;2;3;2;4;1;1;2;3;1;1;1;3;3;1;4;4;2;5;5;4;2;3;4;4;5;3;2
R1104;2;3;2;4;3;1;4;1;3;1;2;3;2;5;3;4;2;1;3;1;4;3;3;3;1;1;2;4;3;1;5;3;5;4;5;3;3
R1105;2;1;1;4;1;4;1;1;1;4;2;4;5;4;3;3;1;1;1;2;3;1;1;4;4;3;2;5;1;4;3;2;5;5;2;5;1
R1106;1;5;1;4;4;1;4;2;5;1;5;3;3;2;5;2;2;3;1;1;2;5;2;4;4;4;1;4;5;3;3;1;2;4;1;1;1
R1107;5;5;2;2;3;5;5;3;2;1;3;4;3;3;4;5;2;5;1;5;1;3;2;4;2;4;2;1;4;3;2;2;5;4;2;3;2
R1108;1;4;3;2;5;3;2;3;2;4;2;3;4;4;5;5;3;1;2;5;5;1;1;1;1;3;1;4;1;3;1;4;3;3;2;2;2
R1109;2;4;3;5;2;2;1;2;2;1;3;3;1;2;1;1;5;4;1;3;1;4;1;2;1;4;2;5;2;3;5;4;3;2;4;2;3
R1110;2;5;2;1;2;2;2;4;3;4;2;3;5;3;5;3;1;4;3;2;1;4;3;5;3;1;5;5;2;3;5;3;5;1;2;1;3
R1111;5;2;2;1;3;3;4;3;4;1;2;4;5;4;4;2;2;1;5;3;4;4;4;2;5;4;1;5;3;3;2;1;1;4;4;4;1
R1112;2;4;3;3;2;1;5;4;2;3;5;3;5;3;3;3;2;4;1;4;1;1;4;4;3;5;2;3;2;1;1;1;2;2;5;5;1
R1113;3;4;5;4;1;3;1;5;4;5;3;2;2;3;5;3;3;4;5;2;5;5;2;2;4;1;5;1;5;4;1;4;2;4;1;3;1
R1114;2;1;4;5;5;1;5;4;4;3;3;1;5;4;1;3;1;3;2;1;3;3;3;4;2;5;3;3;1;5;5;5;4;4;4;2;1
R1115;4;4;1;1;2;3;5;3;3;3;1;3;5;4;1;5;1;3;2;3;3;3;3;1;1;2;3;2;1;1;3;3;3;5;3;2;4
R1116;4;4;4;1;2;5;1;4;5;2;1;4;4;4;4;4;1;5;4;4;2;5;2;5;1;1;1;4;2;2;2;4;3;5;3;1;2
R1117;1;4;2;3;4;4;2;5;1;5;4;5;2;5;4;4;2;1;2;5;5;1;3;1;4;4;3;1;4;4;5;5;2;3;4;5;3
R1118;1;4;2;2;2;3;3;5;1;1;2;3;1;5;5;2;1;2;1;2;2;5;4;1;5;4;2;3;4;2;5;1;1;3;5;3;4
R1119;1;2;1;4;5;5;2;5;4;5;1;5;2;4;2;4;2;3;4;1;3;4;2;3;3;2;1;5;5;2;5;2;3;3;1;2;5
R1120;2;4;4;5;3;1;4;3;3;1;3;1;4;4;5;5;5;4;1;3;5;1;3;5;1;5;4;4;1;2;4;3;5;2;4;3;5
R1121;5;4;3;2;1;3;5;2;5;3;4;1;3;4;2;5;4;1;5;5;2;5;2;3;2;4;3;3;1;2;3;5;2;2;1;3;5
R1122;5;4;5;5;5;4;5;1;3;5;3;3;4;2;1;3;4;5;5;1;3;4;5;3;3;4;5;2;4;3;3;5;5;5;2;5;2
R1123;5;1;3;3;5;5;4;3;2;1;3;3;2;4;4;2;3;1;1;3;5;2;3;4;1;1;4;1;1;3;3;2;1;2;1;2;4
R1124;5;4;4;1;2;5;2;4;1;3;2;4;2;1;3;2;1;4;3;4;1;4;2;2;4;3;2;2;3;2;1;2;3;5;2;2;5
R1125;2;3;5;5;5;1;3;5;2;4;4;4;5;4;1;5;1;5;5;1;5;2;2;5;3;5;2;2;2;3;3;3;2;3;1;5;3
R1126;2;5;5;1;4;1;4;3;5;4;2;4;1;2;1;2;2;2;4;2;5;4;5;1;1;3;3;1;1;3;5;5;2;5;4;3;2
R1127;5;4;4;1;4;3;2;5;4;2;4;3;2;4;1;1;4;2;1;3;2;5;3;5;3;2;3;5;4;1;1;5;5;5;3;3;5
R1128;5;5;4;5;1;5;3;5;4;3;3;4;4;3;1;1;2;2;2;5;4;2;1;2;2;4;1;4;1;3;4;2;3;4;2;5;3
R1129;2;1;3;2;4;5;4;2;1;1;4;2;1;2;2;5;3;4;1;3;5;4;2;5;3;3;2;1;1;3;3;3;5;1;5;5;3
R1130;3;3;4;5;1;2;2;1;1;2;2;3;1;3;4;2;5;2;2;2;3;2;3;5;3;2;3;1;1;4;1;3;2;1;3;4;2
R1131;4;1;4;2;4;5;1;2;5;1;2;3;3;1;3;5;1;3;1;4;1;3;5;3;5;3;2;5;2;4;3;2;1;4;3;5;1
R1132;3;3;4;4;4;2;4;4;5;2;2;3;2;3;1;3;1;2;4;3;5;5;4;1;5;5;1;4;5;2;4;5;5;2;1;2;4
R1133;5;4;1;4;4;2;5;1;4;1;5;3;2;5;1;4;5;5;3;5;5;4;1;5;5;1;1;2;4;2;1;1;4;1;2;1;4
R1134;1;1;3;5;1;1;4;5;5;1;5;4;3;5;2;3;2;3;4;5;3;5;1;1;2;4;2;3;2;3;3;3;3;2;2;4;1
R1135;4;1;1;5;5;5;3;4;3;2;1;3;2;2;1;5;5;1;1;1;1;2;2;4;4;4;5;3;4;5;3;2;3;5;4;1;1
R1136;1;4;1;5;2;1;3;4;2;2;3;2;5;1;5;3;1;2;4;3;2;4;2;2;1;5;1;4;2;4;4;1;3;4;3;3;1
R1137;5;4;2;4;3;4;5;2;5;3;2;3;5;1;5;5;5;5;3;5;1;3;2;2;2;1;3;5;1;4;5;2;4;3;1;5;2
R1138;4;4;4;5;4;4;2;4;4;1;3;1;1;3;5;1;2;5;3;5;2;4;2;5;1;2;5;5;4;5;4;3;1;3;3;2;2
R1139;4;1;3;5;3;1;4;2;3;1;2;3;3;1;1;5;2;5;3;1;4;3;4;3;3;3;5;5;5;4;3;5;2;1;5;4;1
R1140;4;2;5;5;2;2;5;5;1;1;2;1;4;3;4;2;5;1;4;3;5;1;1;2;2;1;4;5;4;3;4;1;2;4;1;5;1
R1141;5;4;2;5;5;1;1;2;4;3;4;5;3;3;2;4;2;5;5;4;1;5;5;5;4;5;5;1;3;4;4;4;4;5;2;2;1
R1142;5;2;1;1;5;4;4;4;2;5;1;3;2;1;4;4;1;3;2;5;4;2;3;4;1;3;1;3;1;2;4;1;1;4;3;5;5
R1143;1;5;4;3;4;5;2;1;2;3;4;3;5;3;4;5;4;2;2;2;3;1;4;4;4;4;3;5;5;4;1;5;1;2;2;5;3
R1144;5;5;2;1;5;4;4;3;5;1;4;4;3;1;5;2;3;1;2;4;3;1;2;2;1;2;3;4;5;2;1;4;2;2;5;2;1
R1145;5;3;1;1;2;4;2;2;1;1;5;1;5;4;2;3;2;5;1;3;2;2;2;3;1;2;1;2;3;4;4;5;3;4;1;5;3
R1146;5;5;3;4;4;5;2;2;4;4;4;5;5;2;2;3;5;2;5;2;2;3;1;4;3;3;5;4;2;3;1;4;5;1;2;3;3
R1147;5;3;1;4;2;5;1;3;2;3;2;3;2;3;3;1;2;4;5;2;1;5;2;1;2;1;1;2;2;4;2;2;5;3;3;1;1
R1148;3;4;1;5;4;4;5;1;5;2;3;5;5;3;3;5;1;5;1;3;4;3;1;1;2;2;4;4;2;1;4;4;5;5;3;4;3
R1149;1;5;5;4;1;5;5;2;5;1;3;2;4;4;1;3;1;2;3;2;3;3;2;5;3;5;3;1;2;1;4;4;2;5;1;5;2
R1150;1;5;1;1;5;5;3;3;1;3;5;4;3;3;4;4;3;4;4;5;3;4;4;4;3;5;3;2;4;5;5;1;2;4;5;3;1
R1151;5;3;5;5;4;2;3;2;1;4;3;3;2;1;1;4;4;3;5;2;3;4;1;2;4;5;5;4;5;1;3;3;4;3;3;1;1
R1152;1;5;5;3;1;3;4;1;3;2;1;1;5;4;4;4;4;3;1;4;1;3;3;5;1;3;2;5;1;4;1;3;3;1;5;4;5
R1153;4;4;1;4;5;5;4;3;2;3;2;2;2;4;1;4;1;3;2;5;1;2;2;2;2;3;5;5;5;1;1;1;4;4;5;5;5
R1154;4;4;4;3;2;1;1;2;5;1;2;3;5;4;3;2;3;2;5;3;2;5;1;2;1;4;4;3;4;2;3;5;4;5;5;2;2
R1155;2;4;5;3;1;3;3;3;5;4;4;3;1;2;3;5;1;2;3;3;2;3;4;2;1;2;1;2;3;4;4;1;5;4;3;5;2
R1156;1;4;2;5;4;2;4;1;2;4;1;1;4;5;3;3;3;3;4;2;5;1;1;4;1;4;4;2;3;2;4;4;1;3;1;5;3
R1157;5;1;3;1;4;1;3;5;2;5;3;4;4;1;5;2;1;2;4;1;2;4;5;3;4;3;3;3;1;5;3;3;4;1;2;4;4
R1158;3;1;5;3;3;5;3;2;4;2;1;1;4;4;3;2;4;5;2;1;2;2;5;4;5;5;2;2;1;3;4;1;1;5;2;4;4
R1159;1;2;2;4;3;3;5;2;2;2;2;2;1;4;5;1;4;1;1;2;4;1;2;1;2;3;3;3;4;1;1;3;4;3;2;4;5
R1160;4;2;5;3;2;2;4;5;2;1;1;5;2;3;1;4;2;5;4;2;1;3;1;4;4;1;5;1;5;1;3;4;2;3;4;2;4
R1161;1;2;3;1;1;5;1;4;5;1;3;4;4;3;5;2;4;2;1;5;5;2;4;3;2;1;4;2;1;5;2;2;3;5;5;3;2
R1162;1;2;2;3;3;2;5;2;3;3;2;2;5;1;2;2;4;5;1;1;3;5;1;3;4;5;4;3;2;2;4;4;3;3;5;2;1
R1163;5;1;2;4;4;5;2;2;3;1;1;5;4;4;5;5;2;3;5;1;2;1;1;2;4;5;5;2;3;2;1;5;1;1;1;5;2
R1164;5;3;3;5;4;1;3;3;2;2;2;1;3;2;2;1;1;3;2;4;2;5;2;2;3;4;4;3;1;3;4;5;5;3;2;5;5
R1165;1;3;4;5;4;4;1;1;5;3;5;1;3;1;2;2;5;5;1;1;4;4;4;1;2;5;1;4;2;1;2;4;5;5;5;5;4
R1166;2;4;4;1;3;3;1;3;5;4;5;4;1;4;4;3;1;2;2;2;1;3;2;2;4;4;1;3;4;5;4;3;2;1;2;1;3
R1167;3;1;4;4;4;4;1;5;2;3;3;4;1;3;3;3;2;2;1;5;3;5;3;5;4;1;1;5;5;5;4;3;4;5;1;2;1
R1168;3;5;2;2;2;4;3;5;2;4;5;1;4;3;4;1;4;1;2;1;4;1;2;5;2;2;3;2;5;3;1;5;4;3;4;4;5
R1169;1;5;2;4;1;5;5;1;2;3;2;2;5;5;5;2;5;1;1;4;5;5;4;4;3;1;2;1;2;4;2;4;1;5;1;1;3
R1170;4;3;5;5;1;4;5;3;2;2;4;4;4;1;3;4;3;2;4;5;4;1;5;3;1;5;4;3;2;2;3;5;2;3;5;4;3
R1171;2;4;3;4;5;4;2;1;4;4;1;2;1;4;5;2;3;1;2;5;3;5;2;2;1;3;2;5;4;5;5;5;5;1;5;3;2
R1172;2;1;4;4;5;4;1;3;1;4;1;4;5;5;5;2;5;3;5;2;3;2;3;1;5;4;4;5;1;1;5;3;2;1;2;5;3
R1173;3;3;4;3;5;3;3;1;1;1;2;5;5;4;4;3;3;3;5;5;2;2;2;5;2;4;5;3;4;2;1;2;2;5;2;5;2
R1174;3;4;2;3;5;1;3;1;5;3;5;5;3;5;4;4;5;1;5;2;5;4;1;2;5;3;2;5;1;1;2;2;2;5;4;5;4
R1175;3;5;4;4;3;2;4;3;5;2;2;3;1;2;4;2;2;5;1;4;4;4;3;2;5;5;5;5;4;2;1;5;3;4;3;4;1
R1176;5;3;5;5;1;5;1;4;4;1;2;3;1;3;3;1;3;1;1;3;5;4;2;3;2;5;5;2;4;4;5;1;4;1;1;1;2
R1177;3;2;4;5;4;3;3;4;4;5;5;4;1;4;1;2;1;5;2;3;5;3;4;5;5;2;4;3;2;2;2;2;2;4;3;1;3
R1178;3;1;5;2;1;1;5;2;2;4;2;1;3;2;5;2;2;1;5;1;5;1;3;3;1;5;5;5;1;1;2;1;2;4;5;1;2
R1179;2;3;1;3;1;2;1;1;2;3;1;5;4;5;3;1;3;5;3;1;4;3;4;3;4;1;5;4;5;2;3;1;5;3;1;4;5
R1180;1;2;1;3;2;4;4;5;1;4;1;5;2;1;2;2;2;2;2;1;1;3;3;3;3;3;4;4;3;1;5;5;2;1;2;4;5
R1181;2;3;1;3;3;3;2;5;3;3;4;4;3;1;4;1;3;4;1;2;2;4;1;3;3;4;5;3;2;1;2;1;2;3;1;3;2
R1182;2;3;5;2;3;3;3;5;5;3;5;1;2;5;4;5;4;3;1;3;1;1;3;5;2;2;3;2;1;5;1;3;5;3;2;4;2
R1183;3;2;2;2;1;2;3;5;1;4;4;2;1;3;5;4;5;3;1;1;1;4;5;2;5;1;2;2;3;4;5;4;2;1;4;5;5
R1184;2;1;4;2;4;5;1;1;3;1;5;1;3;2;3;5;4;1;5;2;2;1;3;4;2;5;2;2;4;2;4;2;2;4;4;2;1
R1185;5;3;3;3;2;2;3;4;2;5;4;3;3;1;3;5;3;4;2;5;2;2;1;5;2;1;1;4;4;2;2;4;1;2;4;4;5
R1186;3;4;1;5;2;1;2;1;5;3;3;2;4;1;4;5;1;5;1;5;1;1;1;4;1;3;2;4;2;2;3;2;1;2;2;1;2
R1187;5;2;3;1;2;1;4;3;5;3;4;1;4;3;3;4;1;2;1;1;3;4;1;2;1;4;3;5;5;5;1;5;2;2;5;4;2
R1188;3;2;1;5;5;1;2;1;3;1;2;2;4;1;5;4;3;4;5;1;3;1;3;3;4;2;1;4;3;4;4;4;2;3;3;5;3
R1189;4;4;3;3;5;3;1;4;3;4;2;1;1;1;4;2;2;5;3;4;3;4;4;3;5;5;1;4;5;5;3;2;2;4;2;2;4
R1190;4;3;3;2;4;3;4;1;4;5;4;2;4;3;4;1;1;4;1;2;4;5;4;3;3;4;3;5;5;2;5;1;3;5;2;1;4
R1191;2;1;4;4;4;5;1;1;5;5;1;1;3;3;2;3;1;1;2;5;5;2;5;4;3;3;1;1;1;3;1;4;2;5;5;1;1
R1192;2;1;1;5;1;2;3;4;1;1;2;3;4;2;1;3;3;4;3;5;4;5;5;2;1;2;2;3;2;2;1;3;4;2;5;1;2
R1193;5;4;1;5;1;1;1;3;2;1;4;1;3;1;2;1;4;5;3;1;5;3;5;2;5;5;2;5;3;1;1;2;5;4;4;4;1
R1194;3;4;1;4;5;5;1;3;5;3;4;1;4;4;2;1;4;4;4;3;3;2;2;3;3;4;4;1;3;4;3;4;1;1;2;3;1
R1195;4;3;4;4;5;3;2;5;4;1;4;2;1;2;4;4;1;1;2;5;4;3;1;5;2;1;3;3;1;3;2;4;4;2;3;1;4
R1196;5;5;3;5;4;1;3;1;3;5;5;4;4;3;5;2;4;2;5;3;3;2;5;2;4;2;5;4;3;3;2;5;3;1;3;1;1
R1197;1;5;3;3;3;1;2;1;1;1;3;1;1;3;1;1;4;2;2;1;4;2;3;2;1;1;3;3;2;4;3;3;2;1;4;5;4
R1198;5;1;4;2;5;4;1;4;2;1;3;2;3;5;3;1;3;4;4;1;2;1;2;4;5;1;1;3;3;4;4;2;2;4;4;2;3
R1199;1;2;3;5;4;1;3;1;3;5;2;4;1;1;1;1;1;5;4;2;3;3;1;5;1;4;3;1;3;1;4;1;3;5;2;4;3
R1200;4;4;2;1;5;3;2;2;1;2;3;3;4;2;2;1;5;3;2;1;2;3;5;4;5;3;3;2;1;3;4;1;5;2;5;2;2
R1201;2;2;1;3;4;4;2;3;5;4;3;3;2;3;2;1;4;1;5;4;3;2;2;1;1;3;5;2;1;4;5;2;3;5;3;3;3
R1202;5;3;1;2;3;3;3;2;1;2;3;4;1;4;5;3;5;3;5;1;3;2;3;3;1;1;5;4;2;5;3;4;5;3;3;4;3
R1203;1;2;4;5;3;4;1;5;2;4;2;2;3;1;4;4;1;2;4;1;3;2;5;1;4;5;4;4;4;1;5;3;3;4;4;3;2
R1204;2;4;4;3;1;4;5;3;2;4;5;2;5;1;1;3;4;1;2;1;3;4;5;5;5;3;5;4;3;5;4;1;3;4;2;1;5
R1205;1;3;5;2;1;2;1;2;1;5;3;3;1;3;5;1;3;5;4;1;5;1;3;5;4;2;5;4;3;1;5;4;1;4;3;3;5
R1206;5;3;2;2;1;2;3;4;3;5;5;3;2;1;2;5;5;1;3;1;2;4;5;5;2;3;2;2;3;5;2;5;1;3;4;2;1
R1207;2;1;5;5;2;1;3;2;4;2;2;4;3;5;4;3;3;3;1;3;5;4;1;1;1;1;2;4;2;2;3;2;1;2;5;5;3
R1208;4;4;5;5;1;2;4;2;1;1;3;3;3;2;1;3;5;1;2;2;4;5;3;5;3;1;4;4;5;1;3;5;1;5;3;3;5
R1209;4;2;4;3;4;2;4;5;3;1;4;4;1;2;5;4;1;2;2;5;4;2;1;2;2;2;5;3;1;3;5;1;4;1;3;5;1
R1210;2;4;3;3;5;5;2;3;4;5;2;5;3;4;2;2;3;4;1;3;4;5;1;4;5;4;5;1;1;4;5;1;4;1;1;3;2
R1211;4;5;4;2;5;3;1;4;2;1;1;3;5;2;5;5;2;5;5;1;4;4;2;3;2;4;1;2;4;1;3;2;3;2;2;2;5
R1212;3;1;3;5;1;1;4;2;1;1;4;4;1;5;3;4;5;3;5;2;3;5;5;4;3;5;1;2;2;5;4;4;1;4;4;4;2
R1213;4;4;4;2;1;5;2;4;3;1;2;3;2;2;5;2;5;4;5;5;4;2;2;5;1;3;1;4;2;1;5;2;2;4;1;3;2
R1214;3;4;2;1;2;2;3;5;2;2;2;5;4;3;5;5;2;4;3;5;2;5;3;5;2;1;3;3;4;1;2;3;2;5;5;1;3
R1215;5;4;2;4;5;2;1;2;4;4;2;5;4;2;5;4;3;2;1;4;5;2;5;5;2;3;4;3;4;1;3;4;4;4;2;3;3
R1216;3;4;5;3;4;2;4;4;1;4;4;1;5;2;5;3;2;3;4;1;3;1;3;4;5;5;5;1;2;4;5;4;5;2;2;5;4
R1217;5;1;2;1;3;4;5;3;1;1;4;2;4;1;5;5;2;2;3;3;2;3;4;4;5;5;3;1;1;1;3;5;3;4;3;5;4
R1218;1;3;3;2;5;5;3;4;1;2;1;3;1;1;2;3;4;5;3;4;1;2;3;3;1;5;3;3;1;3;3;1;4;2;2;2;4
R1219;1;5;2;4;5;5;5;5;5;4;1;5;4;3;1;5;2;4;4;1;3;4;5;1;1;4;4;3;2;4;5;4;4;2;3;2;4
R1220;3;5;4;1;1;5;4;3;1;2;1;1;3;5;1;3;4;2;3;1;5;3;4;4;4;5;4;5;1;4;1;5;1;1;5;2;2
R1221;5;3;1;2;3;4;4;3;1;3;2;2;5;3;4;4;3;1;4;4;5;3;5;3;2;3;2;2;4;4;4;4;5;1;4;4;2
R1222;5;5;2;5;5;4;5;2;5;3;5;4;4;5;5;5;3;4;5;4;5;5;4;5;1;2;1;1;5;5;1;3;5;1;1;4;2
R1223;5;5;2;2;2;4;5;4;2;4;4;1;4;4;5;1;3;5;3;2;4;1;1;3;2;3;5;4;3;5;5;4;2;1;5;3;3
R1224;1;3;4;1;3;4;3;3;1;4;4;4;4;3;4;2;1;2;2;4;4;4;3;2;5;1;2;2;2;1;4;1;1;1;1;5;2
R1225;2;1;4;3;5;3;1;1;2;1;5;5;2;5;2;4;2;1;1;1;3;1;5;5;3;5;4;1;2;4;1;1;2;3;1;3;3
R1226;4;5;2;5;2;2;5;2;2;4;4;4;5;4;2;2;2;2;5;4;5;1;4;1;3;2;2;3;4;2;1;5;5;4;4;5;5
R1227;4;4;3;2;1;3;5;3;1;1;1;2;1;1;1;2;4;2;4;4;2;3;3;3;2;3;5;1;3;2;5;2;4;3;3;2;1
R1228;1;5;3;2;4;2;1;1;2;1;2;4;5;2;3;1;5;2;1;5;3;2;3;3;2;4;2;5;2;3;4;5;3;2;3;5;1
R1229;5;1;5;5;3;2;5;2;3;5;4;3;1;1;5;5;5;3;2;1;5;2;4;2;3;1;2;4;5;2;4;5;5;5;1;4;2
R1230;4;5;5;1;4;2;5;1;2;5;2;1;1;4;4;4;2;4;1;1;2;5;2;5;5;1;4;4;4;2;4;4;2;1;4;1;2
R1231;5;3;5;4;2;5;3;1;2;4;5;3;3;5;5;2;5;5;5;4;2;4;3;4;3;3;5;4;1;2;2;3;3;2;1;4;3
R1232;1;2;3;4;4;3;1;5;1;3;4;2;5;1;3;1;4;3;3;5;5;4;4;3;2;3;5;1;3;3;5;4;1;3;5;1;3
R1233;2;1;4;3;2;3;3;3;2;2;4;5;4;5;2;5;4;5;3;1;3;4;1;2;4;5;5;1;1;5;5;2;5;5;1;3;5
R1234;2;3;5;1;5;2;3;2;1;5;4;2;5;5;3;5;4;1;2;2;3;3;2;2;2;4;5;2;2;2;2;4;2;2;3;2;1
R1235;2;3;1;5;4;5;2;3;2;3;1;1;2;2;3;1;3;1;1;2;4;2;2;1;1;1;2;5;5;4;2;3;3;2;4;5;5
R1236;1;4;5;1;1;3;3;1;3;5;5;2;2;1;5;1;4;5;5;1;3;5;3;5;5;1;4;4;1;1;5;2;5;4;1;3;4
R1237;5;5;4;2;3;5;2;5;2;1;2;3;1;3;2;5;5;3;5;4;3;3;1;3;2;1;2;5;1;5;5;2;4;5;1;3;1
R1238;4;1;1;1;1;5;2;3;5;4;3;1;1;2;1;5;1;5;4;5;1;5;4;4;2;3;5;2;5;4;2;5;2;5;2;3;1
R1239;1;2;1;5;3;5;5;3;5;1;2;3;5;4;3;4;3;4;5;3;5;4;3;5;3;4;3;4;5;1;2;1;2;4;5;4;1
R1240;4;4;4;3;4;4;1;4;5;4;2;1;1;1;1;1;3;4;5;1;2;3;2;1;5;3;1;5;2;1;2;5;1;2;4;5;4
R1241;4;3;1;1;3;4;2;3;3;1;5;2;2;3;1;4;4;1;3;5;1;4;3;1;1;1;5;2;3;1;5;4;3;4;2;3;5
R1242;5;3;2;5;3;2;1;4;5;5;5;2;1;4;1;3;5;3;2;5;3;1;3;5;5;3;5;3;5;4;5;4;4;1;3;2;2
R1243;5;4;2;1;1;3;2;3;3;5;1;4;3;5;5;2;2;2;5;5;1;2;2;2;5;4;2;5;3;1;2;3;2;1;1;2;5
R1244;5;4;5;5;3;1;3;5;1;3;3;5;2;4;2;4;3;3;1;1;1;5;4;5;4;2;4;1;4;1;2;1;2;5;4;1;2
R1245;5;4;3;2;5;3;2;3;4;1;5;2;1;3;3;3;5;3;5;1;4;1;3;4;3;3;5;1;5;5;2;1;3;1;1;4;2
R1246;4;4;4;2;2;3;5;3;3;4;1;3;5;1;4;2;3;5;1;1;4;1;5;3;2;5;3;5;1;2;5;5;4;3;4;3;5
R1247;3;5;1;1;4;1;4;1;4;2;5;1;4;5;3;1;3;1;5;4;1;4;5;4;4;2;1;2;3;1;2;4;2;4;2;2;2
R1248;1;1;2;5;2;4;4;1;3;4;2;1;4;5;1;5;2;5;5;5;3;4;2;1;5;5;3;5;3;1;5;1;4;1;1;3;1
R1249;3;5;1;2;4;2;1;4;3;1;3;3;3;5;4;5;2;3;2;3;4;2;4;2;1;5;5;1;5;4;5;3;4;3;4;3;3
R1250;2;1;2;3;3;1;5;2;2;4;1;2;4;4;2;1;1;4;5;4;2;5;2;4;4;5;3;3;1;2;4;1;2;3;2;3;5
R1251;4;3;1;2;1;5;2;5;2;3;5;4;1;5;3;2;3;3;1;4;1;2;2;1;2;5;5;2;4;2;3;4;3;1;4;4;1
R1252;3;3;2;1;4;1;1;1;1;2;2;1;5;2;2;1;3;2;1;1;2;2;5;4;2;2;3;2;4;1;3;2;4;2;1;1;2
R1253;1;1;5;4;4;5;5;4;1;4;5;3;4;3;1;2;4;1;2;3;1;4;1;5;4;2;1;5;4;1;3;2;5;4;2;2;5
R1254;2;4;4;4;5;4;2;3;2;3;3;2;2;4;3;1;4;2;2;1;4;4;2;1;1;4;5;4;3;2;3;4;1;2;1;5;2
R1255;4;2;2;2;3;5;1;4;3;4;4;4;4;1;5;4;3;1;5;2;3;1;2;3;5;5;5;5;5;3;2;1;3;2;1;1;3
R1256;5;3;1;5;3;1;4;4;4;3;2;2;5;5;1;3;4;5;3;3;2;3;3;2;4;5;3;4;3;3;5;3;5;5;3;1;3
R1257;3;1;2;5;5;4;1;2;1;5;1;2;1;3;3;2;3;5;4;5;4;1;4;1;2;3;3;5;4;4;1;4;2;3;5;5;3
R1258;1;3;3;2;5;2;2;5;2;2;5;4;2;2;1;1;2;3;1;3;2;3;4;5;3;2;3;5;4;3;3;5;5;4;5;1;1
R1259;1;1;1;2;5;4;4;4;5;1;4;4;1;5;4;4;3;4;2;3;4;1;2;4;1;1;1;5;2;3;5;1;5;5;1;4;5
R1260;4;1;3;1;3;2;1;2;1;3;4;1;5;2;4;3;5;4;1;3;1;1;3;1;2;3;1;3;3;1;2;5;3;1;4;1;4
R1261;4;4;4;5;5;4;4;5;4;4;3;2;5;3;2;2;2;5;5;2;2;4;5;5;4;3;1;1;3;2;4;3;1;2;5;4;4
R1262;4;1;4;4;2;5;3;5;3;4;1;1;2;4;4;4;5;2;2;3;5;4;2;1;2;5;1;4;1;2;3;5;4;5;2;4;2
R1263;5;3;4;4;1;5;1;3;1;1;3;1;3;4;3;2;1;5;5;3;3;2;5;1;2;1;1;5;5;3;4;4;3;5;5;3;3
R1264;2;1;2;2;3;1;5;5;2;3;5;5;1;1;1;3;3;3;3;4;3;4;5;4;5;2;3;2;2;3;3;3;1;1;3;2;3
R1265;1;4;5;2;2;4;1;2;2;3;3;4;5;3;1;4;2;1;4;1;5;3;5;3;5;2;1;5;4;1;5;4;2;2;1;1;5
R1266;2;5;1;3;5;3;5;3;3;5;2;1;5;1;1;3;4;5;5;5;5;1;3;4;2;1;5;5;5;2;3;4;2;5;1;1;1
R1267;5;3;2;1;2;3;2;3;3;1;3;5;1;5;3;4;4;3;5;3;4;5;4;2;3;5;4;5;4;4;5;3;4;3;1;3;2
R1268;1;2;2;3;5;5;3;2;3;5;1;5;4;2;5;5;3;4;5;3;4;3;4;5;4;4;4;4;2;4;1;5;2;3;2;5;2
